# This file uses centimeters as units for non-parametric coordinates.

mtllib charger.mtl
g default
v 0.016778 -0.636770 0.994549
v 0.014272 -0.636770 0.989631
v 0.010369 -0.636770 0.985728
v 0.005452 -0.636770 0.983222
v 0.000000 -0.636770 0.982359
v -0.005451 -0.636770 0.983222
v -0.010369 -0.636770 0.985728
v -0.014272 -0.636770 0.989631
v -0.016778 -0.636770 0.994549
v -0.017641 -0.636770 1.000000
v -0.016778 -0.636770 1.005452
v -0.014272 -0.636770 1.010369
v -0.010369 -0.636770 1.014272
v -0.005451 -0.636770 1.016778
v 0.000000 -0.636770 1.017642
v 0.005452 -0.636770 1.016778
v 0.010369 -0.636770 1.014272
v 0.014272 -0.636770 1.010369
v 0.016778 -0.636770 1.005452
v 0.017641 -0.636770 1.000000
v 0.033143 -0.632639 0.989231
v 0.028193 -0.632639 0.979517
v 0.020483 -0.632639 0.971807
v 0.010769 -0.632639 0.966857
v 0.000000 -0.632639 0.965152
v -0.010769 -0.632639 0.966857
v -0.020483 -0.632639 0.971807
v -0.028193 -0.632639 0.979517
v -0.033143 -0.632639 0.989231
v -0.034848 -0.632639 1.000000
v -0.033143 -0.632639 1.010769
v -0.028193 -0.632639 1.020484
v -0.020483 -0.632639 1.028193
v -0.010769 -0.632639 1.033143
v 0.000000 -0.632639 1.034849
v 0.010769 -0.632639 1.033143
v 0.020483 -0.632639 1.028193
v 0.028193 -0.632639 1.020484
v 0.033143 -0.632639 1.010769
v 0.034848 -0.632639 1.000000
v 0.048692 -0.625867 0.984179
v 0.041420 -0.625867 0.969907
v 0.030093 -0.625867 0.958580
v 0.015821 -0.625867 0.951308
v 0.000000 -0.625867 0.948803
v -0.015821 -0.625867 0.951308
v -0.030093 -0.625867 0.958580
v -0.041420 -0.625867 0.969907
v -0.048692 -0.625867 0.984179
v -0.051197 -0.625867 1.000000
v -0.048692 -0.625867 1.015821
v -0.041420 -0.625867 1.030093
v -0.030093 -0.625867 1.041420
v -0.015821 -0.625867 1.048692
v 0.000000 -0.625867 1.051198
v 0.015821 -0.625867 1.048692
v 0.030093 -0.625867 1.041420
v 0.041420 -0.625867 1.030093
v 0.048692 -0.625867 1.015821
v 0.051197 -0.625867 1.000000
v 0.063042 -0.616621 0.979517
v 0.053626 -0.616621 0.961038
v 0.038962 -0.616621 0.946374
v 0.020483 -0.616621 0.936959
v 0.000000 -0.616621 0.933714
v -0.020483 -0.616621 0.936959
v -0.038962 -0.616621 0.946374
v -0.053626 -0.616621 0.961038
v -0.063042 -0.616621 0.979517
v -0.066286 -0.616621 1.000000
v -0.063042 -0.616621 1.020484
v -0.053626 -0.616621 1.038962
v -0.038962 -0.616621 1.053626
v -0.020483 -0.616621 1.063042
v 0.000000 -0.616621 1.066286
v 0.020483 -0.616621 1.063042
v 0.038962 -0.616621 1.053626
v 0.053626 -0.616621 1.038962
v 0.063042 -0.616621 1.020484
v 0.066286 -0.616621 1.000000
v 0.075839 -0.605128 0.975359
v 0.064513 -0.605128 0.953129
v 0.046871 -0.605128 0.935488
v 0.024642 -0.605128 0.924161
v 0.000000 -0.605128 0.920258
v -0.024642 -0.605128 0.924161
v -0.046871 -0.605128 0.935488
v -0.064513 -0.605128 0.953129
v -0.075839 -0.605128 0.975359
v -0.079742 -0.605128 1.000000
v -0.075839 -0.605128 1.024642
v -0.064513 -0.605128 1.046871
v -0.046871 -0.605128 1.064513
v -0.024642 -0.605128 1.075839
v 0.000000 -0.605128 1.079742
v 0.024642 -0.605128 1.075839
v 0.046871 -0.605128 1.064513
v 0.064513 -0.605128 1.046871
v 0.075839 -0.605128 1.024642
v 0.079742 -0.605128 1.000000
v 0.086769 -0.591672 0.971807
v 0.073810 -0.591672 0.946374
v 0.053626 -0.591672 0.926190
v 0.028193 -0.591672 0.913231
v 0.000000 -0.591672 0.908765
v -0.028193 -0.591672 0.913231
v -0.053626 -0.591672 0.926190
v -0.073810 -0.591672 0.946374
v -0.086769 -0.591672 0.971807
v -0.091235 -0.591672 1.000000
v -0.086769 -0.591672 1.028193
v -0.073810 -0.591672 1.053626
v -0.053626 -0.591672 1.073810
v -0.028193 -0.591672 1.086769
v 0.000000 -0.591672 1.091235
v 0.028193 -0.591672 1.086769
v 0.053626 -0.591672 1.073810
v 0.073810 -0.591672 1.053626
v 0.086769 -0.591672 1.028193
v 0.091235 -0.591672 1.000000
v 0.095563 -0.576584 0.968950
v 0.081291 -0.576584 0.940939
v 0.059061 -0.576584 0.918709
v 0.031050 -0.576584 0.904437
v 0.000000 -0.576584 0.899519
v -0.031050 -0.576584 0.904437
v -0.059061 -0.576584 0.918710
v -0.081291 -0.576584 0.940939
v -0.095563 -0.576584 0.968950
v -0.100481 -0.576584 1.000000
v -0.095563 -0.576584 1.031050
v -0.081291 -0.576584 1.059061
v -0.059061 -0.576584 1.081291
v -0.031050 -0.576584 1.095563
v 0.000000 -0.576584 1.100481
v 0.031050 -0.576584 1.095563
v 0.059061 -0.576584 1.081291
v 0.081291 -0.576584 1.059061
v 0.095563 -0.576584 1.031050
v 0.100481 -0.576584 1.000000
v 0.102003 -0.560235 0.966857
v 0.086769 -0.560235 0.936959
v 0.063042 -0.560235 0.913231
v 0.033143 -0.560235 0.897997
v 0.000000 -0.560235 0.892748
v -0.033143 -0.560235 0.897997
v -0.063042 -0.560235 0.913231
v -0.086769 -0.560235 0.936959
v -0.102003 -0.560235 0.966857
v -0.107253 -0.560235 1.000000
v -0.102003 -0.560235 1.033143
v -0.086769 -0.560235 1.063042
v -0.063041 -0.560235 1.086769
v -0.033143 -0.560235 1.102003
v 0.000000 -0.560235 1.107253
v 0.033143 -0.560235 1.102003
v 0.063042 -0.560235 1.086769
v 0.086769 -0.560235 1.063042
v 0.102003 -0.560235 1.033143
v 0.107253 -0.560235 1.000000
v 0.105932 -0.543028 0.965581
v 0.090111 -0.543028 0.934530
v 0.065470 -0.543028 0.909889
v 0.034419 -0.543028 0.894068
v 0.000000 -0.543028 0.888616
v -0.034419 -0.543028 0.894068
v -0.065470 -0.543028 0.909889
v -0.090111 -0.543028 0.934530
v -0.105932 -0.543028 0.965581
v -0.111384 -0.543028 1.000000
v -0.105932 -0.543028 1.034420
v -0.090111 -0.543028 1.065470
v -0.065470 -0.543028 1.090111
v -0.034419 -0.543028 1.105932
v 0.000000 -0.543028 1.111384
v 0.034419 -0.543028 1.105932
v 0.065470 -0.543028 1.090111
v 0.090111 -0.543028 1.065470
v 0.105932 -0.543028 1.034420
v 0.111384 -0.543028 1.000000
v 0.107253 -0.525386 0.965152
v 0.091235 -0.525386 0.933714
v 0.066286 -0.525386 0.908765
v 0.034849 -0.525386 0.892748
v 0.000000 -0.525386 0.887228
v -0.034848 -0.525386 0.892748
v -0.066286 -0.525386 0.908766
v -0.091235 -0.525386 0.933714
v -0.107253 -0.525386 0.965152
v -0.112772 -0.525386 1.000000
v -0.107253 -0.525386 1.034849
v -0.091235 -0.525386 1.066286
v -0.066286 -0.525386 1.091235
v -0.034848 -0.525386 1.107253
v 0.000000 -0.525386 1.112772
v 0.034848 -0.525386 1.107253
v 0.066286 -0.525386 1.091235
v 0.091235 -0.525386 1.066286
v 0.107253 -0.525386 1.034849
v 0.112772 -0.525386 1.000000
v 0.000000 -0.638158 1.000000
v 0.107253 -0.124902 0.965152
v 0.091235 -0.124902 0.933714
v 0.066286 -0.124902 0.908765
v 0.034849 -0.124902 0.892748
v 0.000000 -0.124902 0.887228
v -0.034848 -0.124902 0.892748
v -0.066286 -0.124902 0.908766
v -0.091235 -0.124902 0.933714
v -0.107253 -0.124902 0.965152
v -0.112772 -0.124902 1.000000
v -0.107253 -0.124902 1.034849
v -0.091235 -0.124902 1.066286
v -0.066286 -0.124902 1.091235
v -0.034848 -0.124902 1.107253
v 0.000000 -0.124902 1.112772
v 0.034848 -0.124902 1.107253
v 0.066286 -0.124902 1.091235
v 0.091235 -0.124902 1.066286
v 0.107253 -0.124902 1.034849
v 0.112772 -0.124902 1.000000
v 0.082227 -0.124902 0.973283
v 0.069947 -0.124902 0.949181
v 0.050819 -0.124902 0.930054
v 0.026717 -0.124902 0.917773
v 0.000000 -0.124902 0.913541
v -0.026717 -0.124902 0.917773
v -0.050819 -0.124902 0.930054
v -0.069946 -0.124902 0.949181
v -0.082227 -0.124902 0.973283
v -0.086459 -0.124902 1.000000
v -0.082227 -0.124902 1.026717
v -0.069946 -0.124902 1.050819
v -0.050819 -0.124902 1.069947
v -0.026717 -0.124902 1.082227
v 0.000000 -0.124902 1.086459
v 0.026717 -0.124902 1.082227
v 0.050819 -0.124902 1.069947
v 0.069946 -0.124902 1.050819
v 0.082227 -0.124902 1.026717
v 0.086459 -0.124902 1.000000
v 0.082227 0.451878 0.973283
v 0.069947 0.451878 0.949181
v 0.050819 0.451878 0.930054
v 0.026717 0.451878 0.917773
v 0.000000 0.451878 0.913541
v -0.026717 0.451878 0.917773
v -0.050819 0.451878 0.930054
v -0.069946 0.451878 0.949181
v -0.082227 0.451878 0.973283
v -0.086459 0.451878 1.000000
v -0.082227 0.451878 1.026717
v -0.069946 0.451878 1.050819
v -0.050819 0.451878 1.069947
v -0.026717 0.451878 1.082227
v 0.000000 0.451878 1.086459
v 0.026717 0.451878 1.082227
v 0.050819 0.451878 1.069947
v 0.069946 0.451878 1.050819
v 0.082227 0.451878 1.026717
v 0.086459 0.451878 1.000000
v 0.102784 0.451878 0.966604
v 0.087433 0.451878 0.936476
v 0.063524 0.451878 0.912567
v 0.033397 0.451878 0.897216
v 0.000000 0.451878 0.891927
v -0.033396 0.451878 0.897216
v -0.063524 0.451878 0.912567
v -0.087433 0.451878 0.936476
v -0.102784 0.451878 0.966604
v -0.108073 0.451878 1.000000
v -0.102784 0.451878 1.033397
v -0.087433 0.451878 1.063524
v -0.063524 0.451878 1.087433
v -0.033396 0.451878 1.102784
v 0.000000 0.451878 1.108073
v 0.033397 0.451878 1.102784
v 0.063524 0.451878 1.087433
v 0.087433 0.451878 1.063524
v 0.102784 0.451878 1.033397
v 0.108073 0.451878 1.000000
v 0.102784 0.638158 0.966604
v 0.087433 0.638158 0.936476
v 0.063524 0.638158 0.912567
v 0.033397 0.638158 0.897216
v 0.000000 0.638158 0.891927
v -0.033396 0.638158 0.897216
v -0.063524 0.638158 0.912567
v -0.087433 0.638158 0.936476
v -0.102784 0.638158 0.966604
v -0.108073 0.638158 1.000000
v -0.102784 0.638158 1.033397
v -0.087433 0.638158 1.063524
v -0.063524 0.638158 1.087433
v -0.033396 0.638158 1.102784
v 0.000000 0.638158 1.108073
v 0.033397 0.638158 1.102784
v 0.063524 0.638158 1.087433
v 0.087433 0.638158 1.063524
v 0.102784 0.638158 1.033397
v 0.108073 0.638158 1.000000
v 0.001713 0.638158 0.999443
v 0.001457 0.638158 0.998941
v 0.001059 0.638158 0.998543
v 0.000557 0.638158 0.998287
v 0.000000 0.638158 0.998199
v -0.000557 0.638158 0.998287
v -0.001059 0.638158 0.998543
v -0.001457 0.638158 0.998941
v -0.001713 0.638158 0.999443
v -0.001801 0.638158 1.000000
v -0.001713 0.638158 1.000556
v -0.001457 0.638158 1.001058
v -0.001059 0.638158 1.001457
v -0.000557 0.638158 1.001713
v 0.000000 0.638158 1.001801
v 0.000557 0.638158 1.001713
v 0.001059 0.638158 1.001457
v 0.001457 0.638158 1.001058
v 0.001713 0.638158 1.000556
v 0.001801 0.638158 1.000000
vt 0.000000 0.050000
vt 0.050000 0.050000
vt 0.100000 0.050000
vt 0.150000 0.050000
vt 0.200000 0.050000
vt 0.250000 0.050000
vt 0.300000 0.050000
vt 0.350000 0.050000
vt 0.400000 0.050000
vt 0.450000 0.050000
vt 0.500000 0.050000
vt 0.550000 0.050000
vt 0.600000 0.050000
vt 0.650000 0.050000
vt 0.700000 0.050000
vt 0.750000 0.050000
vt 0.800000 0.050000
vt 0.850000 0.050000
vt 0.900000 0.050000
vt 0.950000 0.050000
vt 1.000000 0.050000
vt 0.000000 0.100000
vt 0.050000 0.100000
vt 0.100000 0.100000
vt 0.150000 0.100000
vt 0.200000 0.100000
vt 0.250000 0.100000
vt 0.300000 0.100000
vt 0.350000 0.100000
vt 0.400000 0.100000
vt 0.450000 0.100000
vt 0.500000 0.100000
vt 0.550000 0.100000
vt 0.600000 0.100000
vt 0.650000 0.100000
vt 0.700000 0.100000
vt 0.750000 0.100000
vt 0.800000 0.100000
vt 0.850000 0.100000
vt 0.900000 0.100000
vt 0.950000 0.100000
vt 1.000000 0.100000
vt 0.000000 0.150000
vt 0.050000 0.150000
vt 0.100000 0.150000
vt 0.150000 0.150000
vt 0.200000 0.150000
vt 0.250000 0.150000
vt 0.300000 0.150000
vt 0.350000 0.150000
vt 0.400000 0.150000
vt 0.450000 0.150000
vt 0.500000 0.150000
vt 0.550000 0.150000
vt 0.600000 0.150000
vt 0.650000 0.150000
vt 0.700000 0.150000
vt 0.750000 0.150000
vt 0.800000 0.150000
vt 0.850000 0.150000
vt 0.900000 0.150000
vt 0.950000 0.150000
vt 1.000000 0.150000
vt 0.000000 0.200000
vt 0.050000 0.200000
vt 0.100000 0.200000
vt 0.150000 0.200000
vt 0.200000 0.200000
vt 0.250000 0.200000
vt 0.300000 0.200000
vt 0.350000 0.200000
vt 0.400000 0.200000
vt 0.450000 0.200000
vt 0.500000 0.200000
vt 0.550000 0.200000
vt 0.600000 0.200000
vt 0.650000 0.200000
vt 0.700000 0.200000
vt 0.750000 0.200000
vt 0.800000 0.200000
vt 0.850000 0.200000
vt 0.900000 0.200000
vt 0.950000 0.200000
vt 1.000000 0.200000
vt 0.000000 0.250000
vt 0.050000 0.250000
vt 0.100000 0.250000
vt 0.150000 0.250000
vt 0.200000 0.250000
vt 0.250000 0.250000
vt 0.300000 0.250000
vt 0.350000 0.250000
vt 0.400000 0.250000
vt 0.450000 0.250000
vt 0.500000 0.250000
vt 0.550000 0.250000
vt 0.600000 0.250000
vt 0.650000 0.250000
vt 0.700000 0.250000
vt 0.750000 0.250000
vt 0.800000 0.250000
vt 0.850000 0.250000
vt 0.900000 0.250000
vt 0.950000 0.250000
vt 1.000000 0.250000
vt 0.000000 0.300000
vt 0.050000 0.300000
vt 0.100000 0.300000
vt 0.150000 0.300000
vt 0.200000 0.300000
vt 0.250000 0.300000
vt 0.300000 0.300000
vt 0.350000 0.300000
vt 0.400000 0.300000
vt 0.450000 0.300000
vt 0.500000 0.300000
vt 0.550000 0.300000
vt 0.600000 0.300000
vt 0.650000 0.300000
vt 0.700000 0.300000
vt 0.750000 0.300000
vt 0.800000 0.300000
vt 0.850000 0.300000
vt 0.900000 0.300000
vt 0.950000 0.300000
vt 1.000000 0.300000
vt 0.000000 0.350000
vt 0.050000 0.350000
vt 0.100000 0.350000
vt 0.150000 0.350000
vt 0.200000 0.350000
vt 0.250000 0.350000
vt 0.300000 0.350000
vt 0.350000 0.350000
vt 0.400000 0.350000
vt 0.450000 0.350000
vt 0.500000 0.350000
vt 0.550000 0.350000
vt 0.600000 0.350000
vt 0.650000 0.350000
vt 0.700000 0.350000
vt 0.750000 0.350000
vt 0.800000 0.350000
vt 0.850000 0.350000
vt 0.900000 0.350000
vt 0.950000 0.350000
vt 1.000000 0.350000
vt 0.000000 0.400000
vt 0.050000 0.400000
vt 0.100000 0.400000
vt 0.150000 0.400000
vt 0.200000 0.400000
vt 0.250000 0.400000
vt 0.300000 0.400000
vt 0.350000 0.400000
vt 0.400000 0.400000
vt 0.450000 0.400000
vt 0.500000 0.400000
vt 0.550000 0.400000
vt 0.600000 0.400000
vt 0.650000 0.400000
vt 0.700000 0.400000
vt 0.750000 0.400000
vt 0.800000 0.400000
vt 0.850000 0.400000
vt 0.900000 0.400000
vt 0.950000 0.400000
vt 1.000000 0.400000
vt 0.000000 0.450000
vt 0.050000 0.450000
vt 0.100000 0.450000
vt 0.150000 0.450000
vt 0.200000 0.450000
vt 0.250000 0.450000
vt 0.300000 0.450000
vt 0.350000 0.450000
vt 0.400000 0.450000
vt 0.450000 0.450000
vt 0.500000 0.450000
vt 0.550000 0.450000
vt 0.600000 0.450000
vt 0.650000 0.450000
vt 0.700000 0.450000
vt 0.750000 0.450000
vt 0.800000 0.450000
vt 0.850000 0.450000
vt 0.900000 0.450000
vt 0.950000 0.450000
vt 1.000000 0.450000
vt 0.000000 0.500000
vt 0.050000 0.500000
vt 0.100000 0.500000
vt 0.150000 0.500000
vt 0.200000 0.500000
vt 0.250000 0.500000
vt 0.300000 0.500000
vt 0.350000 0.500000
vt 0.400000 0.500000
vt 0.450000 0.500000
vt 0.500000 0.500000
vt 0.550000 0.500000
vt 0.600000 0.500000
vt 0.650000 0.500000
vt 0.700000 0.500000
vt 0.750000 0.500000
vt 0.800000 0.500000
vt 0.850000 0.500000
vt 0.900000 0.500000
vt 0.950000 0.500000
vt 1.000000 0.500000
vt 0.025000 0.000000
vt 0.075000 0.000000
vt 0.125000 0.000000
vt 0.175000 0.000000
vt 0.225000 0.000000
vt 0.275000 0.000000
vt 0.325000 0.000000
vt 0.375000 0.000000
vt 0.425000 0.000000
vt 0.475000 0.000000
vt 0.525000 0.000000
vt 0.575000 0.000000
vt 0.625000 0.000000
vt 0.675000 0.000000
vt 0.725000 0.000000
vt 0.775000 0.000000
vt 0.825000 0.000000
vt 0.875000 0.000000
vt 0.925000 0.000000
vt 0.975000 0.000000
vt 0.000000 0.000000
vt 1.000000 0.000000
vt 1.000000 1.000000
vt 0.000000 1.000000
vt 0.000000 0.000000
vt 1.000000 0.000000
vt 1.000000 1.000000
vt 0.000000 1.000000
vt 0.000000 0.000000
vt 1.000000 0.000000
vt 1.000000 1.000000
vt 0.000000 1.000000
vt 0.000000 0.000000
vt 1.000000 0.000000
vt 1.000000 1.000000
vt 0.000000 1.000000
vt 0.000000 0.000000
vt 1.000000 0.000000
vt 1.000000 1.000000
vt 0.000000 1.000000
vt 0.000000 0.000000
vt 1.000000 0.000000
vt 1.000000 1.000000
vt 0.000000 1.000000
vt 0.000000 0.000000
vt 1.000000 0.000000
vt 1.000000 1.000000
vt 0.000000 1.000000
vt 0.000000 0.000000
vt 1.000000 0.000000
vt 1.000000 1.000000
vt 0.000000 1.000000
vt 0.000000 0.000000
vt 1.000000 0.000000
vt 1.000000 1.000000
vt 0.000000 1.000000
vt 0.000000 0.000000
vt 1.000000 0.000000
vt 1.000000 1.000000
vt 0.000000 1.000000
vt 0.000000 0.000000
vt 1.000000 0.000000
vt 1.000000 1.000000
vt 0.000000 1.000000
vt 0.000000 0.000000
vt 1.000000 0.000000
vt 1.000000 1.000000
vt 0.000000 1.000000
vt 0.000000 0.000000
vt 1.000000 0.000000
vt 1.000000 1.000000
vt 0.000000 1.000000
vt 0.000000 0.000000
vt 1.000000 0.000000
vt 1.000000 1.000000
vt 0.000000 1.000000
vt 0.000000 0.000000
vt 1.000000 0.000000
vt 1.000000 1.000000
vt 0.000000 1.000000
vt 0.000000 0.000000
vt 1.000000 0.000000
vt 1.000000 1.000000
vt 0.000000 1.000000
vt 0.000000 0.000000
vt 1.000000 0.000000
vt 1.000000 1.000000
vt 0.000000 1.000000
vt 0.000000 0.000000
vt 1.000000 0.000000
vt 1.000000 1.000000
vt 0.000000 1.000000
vt 0.000000 0.000000
vt 1.000000 0.000000
vt 1.000000 1.000000
vt 0.000000 1.000000
vt 0.000000 0.000000
vt 1.000000 0.000000
vt 1.000000 1.000000
vt 0.000000 1.000000
vt 0.000000 0.000000
vt 1.000000 0.000000
vt 1.000000 1.000000
vt 0.000000 1.000000
vt 0.000000 0.000000
vt 1.000000 0.000000
vt 1.000000 1.000000
vt 0.000000 1.000000
vt 0.000000 0.000000
vt 1.000000 0.000000
vt 1.000000 1.000000
vt 0.000000 1.000000
vt 0.000000 0.000000
vt 1.000000 0.000000
vt 1.000000 1.000000
vt 0.000000 1.000000
vt 0.000000 0.000000
vt 1.000000 0.000000
vt 1.000000 1.000000
vt 0.000000 1.000000
vt 0.000000 0.000000
vt 1.000000 0.000000
vt 1.000000 1.000000
vt 0.000000 1.000000
vt 0.000000 0.000000
vt 1.000000 0.000000
vt 1.000000 1.000000
vt 0.000000 1.000000
vt 0.000000 0.000000
vt 1.000000 0.000000
vt 1.000000 1.000000
vt 0.000000 1.000000
vt 0.000000 0.000000
vt 1.000000 0.000000
vt 1.000000 1.000000
vt 0.000000 1.000000
vt 0.000000 0.000000
vt 1.000000 0.000000
vt 1.000000 1.000000
vt 0.000000 1.000000
vt 0.000000 0.000000
vt 1.000000 0.000000
vt 1.000000 1.000000
vt 0.000000 1.000000
vt 0.000000 0.000000
vt 1.000000 0.000000
vt 1.000000 1.000000
vt 0.000000 1.000000
vt 0.000000 0.000000
vt 1.000000 0.000000
vt 1.000000 1.000000
vt 0.000000 1.000000
vt 0.000000 0.000000
vt 1.000000 0.000000
vt 1.000000 1.000000
vt 0.000000 1.000000
vt 0.000000 0.000000
vt 1.000000 0.000000
vt 1.000000 1.000000
vt 0.000000 1.000000
vt 0.000000 0.000000
vt 1.000000 0.000000
vt 1.000000 1.000000
vt 0.000000 1.000000
vt 0.000000 0.000000
vt 1.000000 0.000000
vt 1.000000 1.000000
vt 0.000000 1.000000
vt 0.000000 0.000000
vt 1.000000 0.000000
vt 1.000000 1.000000
vt 0.000000 1.000000
vt 0.000000 0.000000
vt 1.000000 0.000000
vt 1.000000 1.000000
vt 0.000000 1.000000
vt 0.000000 0.000000
vt 1.000000 0.000000
vt 1.000000 1.000000
vt 0.000000 1.000000
vt 0.000000 0.000000
vt 1.000000 0.000000
vt 1.000000 1.000000
vt 0.000000 1.000000
vt 0.000000 0.000000
vt 1.000000 0.000000
vt 1.000000 1.000000
vt 0.000000 1.000000
vt 0.000000 0.000000
vt 1.000000 0.000000
vt 1.000000 1.000000
vt 0.000000 1.000000
vt 0.000000 0.000000
vt 1.000000 0.000000
vt 1.000000 1.000000
vt 0.000000 1.000000
vt 0.000000 0.000000
vt 1.000000 0.000000
vt 1.000000 1.000000
vt 0.000000 1.000000
vt 0.000000 0.000000
vt 1.000000 0.000000
vt 1.000000 1.000000
vt 0.000000 1.000000
vt 0.000000 0.000000
vt 1.000000 0.000000
vt 1.000000 1.000000
vt 0.000000 1.000000
vt 0.000000 0.000000
vt 1.000000 0.000000
vt 1.000000 1.000000
vt 0.000000 1.000000
vt 0.000000 0.000000
vt 1.000000 0.000000
vt 1.000000 1.000000
vt 0.000000 1.000000
vt 0.000000 0.000000
vt 1.000000 0.000000
vt 1.000000 1.000000
vt 0.000000 1.000000
vt 0.000000 0.000000
vt 1.000000 0.000000
vt 1.000000 1.000000
vt 0.000000 1.000000
vt 0.000000 0.000000
vt 1.000000 0.000000
vt 1.000000 1.000000
vt 0.000000 1.000000
vt 0.000000 0.000000
vt 1.000000 0.000000
vt 1.000000 1.000000
vt 0.000000 1.000000
vt 0.000000 0.000000
vt 1.000000 0.000000
vt 1.000000 1.000000
vt 0.000000 1.000000
vt 0.000000 0.000000
vt 1.000000 0.000000
vt 1.000000 1.000000
vt 0.000000 1.000000
vt 0.000000 0.000000
vt 1.000000 0.000000
vt 1.000000 1.000000
vt 0.000000 1.000000
vt 0.000000 0.000000
vt 1.000000 0.000000
vt 1.000000 1.000000
vt 0.000000 1.000000
vt 0.000000 0.000000
vt 1.000000 0.000000
vt 1.000000 1.000000
vt 0.000000 1.000000
vt 0.000000 0.000000
vt 1.000000 0.000000
vt 1.000000 1.000000
vt 0.000000 1.000000
vt 0.000000 0.000000
vt 1.000000 0.000000
vt 1.000000 1.000000
vt 0.000000 1.000000
vt 0.000000 0.000000
vt 1.000000 0.000000
vt 1.000000 1.000000
vt 0.000000 1.000000
vt 0.000000 0.000000
vt 1.000000 0.000000
vt 1.000000 1.000000
vt 0.000000 1.000000
vt 0.000000 0.000000
vt 1.000000 0.000000
vt 1.000000 1.000000
vt 0.000000 1.000000
vt 0.000000 0.000000
vt 1.000000 0.000000
vt 1.000000 1.000000
vt 0.000000 1.000000
vt 0.000000 0.000000
vt 1.000000 0.000000
vt 1.000000 1.000000
vt 0.000000 1.000000
vt 0.000000 0.000000
vt 1.000000 0.000000
vt 1.000000 1.000000
vt 0.000000 1.000000
vt 0.000000 0.000000
vt 1.000000 0.000000
vt 1.000000 1.000000
vt 0.000000 1.000000
vt 0.000000 0.000000
vt 1.000000 0.000000
vt 1.000000 1.000000
vt 0.000000 1.000000
vt 0.000000 0.000000
vt 1.000000 0.000000
vt 1.000000 1.000000
vt 0.000000 1.000000
vt 0.000000 0.000000
vt 1.000000 0.000000
vt 1.000000 1.000000
vt 0.000000 1.000000
vt 0.000000 0.000000
vt 1.000000 0.000000
vt 1.000000 1.000000
vt 0.000000 1.000000
vt 0.000000 0.000000
vt 1.000000 0.000000
vt 1.000000 1.000000
vt 0.000000 1.000000
vt 0.000000 0.000000
vt 1.000000 0.000000
vt 1.000000 1.000000
vt 0.000000 1.000000
vt 0.000000 0.000000
vt 1.000000 0.000000
vt 1.000000 1.000000
vt 0.000000 1.000000
vt 0.000000 0.000000
vt 1.000000 0.000000
vt 1.000000 1.000000
vt 0.000000 1.000000
vt 0.000000 0.000000
vt 1.000000 0.000000
vt 1.000000 1.000000
vt 0.000000 1.000000
vt 0.000000 0.000000
vt 1.000000 0.000000
vt 1.000000 1.000000
vt 0.000000 1.000000
vt 0.000000 0.000000
vt 1.000000 0.000000
vt 1.000000 1.000000
vt 0.000000 1.000000
vt 0.000000 0.000000
vt 1.000000 0.000000
vt 1.000000 1.000000
vt 0.000000 1.000000
vt 0.000000 0.000000
vt 1.000000 0.000000
vt 1.000000 1.000000
vt 0.000000 1.000000
vt 0.000000 0.000000
vt 1.000000 0.000000
vt 1.000000 1.000000
vt 0.000000 1.000000
vt 0.000000 0.000000
vt 1.000000 0.000000
vt 1.000000 1.000000
vt 0.000000 1.000000
vt 0.000000 0.000000
vt 1.000000 0.000000
vt 1.000000 1.000000
vt 0.000000 1.000000
vt 0.000000 0.000000
vt 1.000000 0.000000
vt 1.000000 1.000000
vt 0.000000 1.000000
vt 0.000000 0.000000
vt 1.000000 0.000000
vt 1.000000 1.000000
vt 0.000000 1.000000
vt 0.000000 0.000000
vt 1.000000 0.000000
vt 1.000000 1.000000
vt 0.000000 1.000000
vt 0.000000 0.000000
vt 1.000000 0.000000
vt 1.000000 1.000000
vt 0.000000 1.000000
vt 0.000000 0.000000
vt 1.000000 0.000000
vt 1.000000 1.000000
vt 0.000000 1.000000
vt 0.000000 0.000000
vt 1.000000 0.000000
vt 1.000000 1.000000
vt 0.000000 1.000000
vt 0.000000 0.000000
vt 1.000000 0.000000
vt 1.000000 1.000000
vt 0.000000 1.000000
vt 0.000000 0.000000
vt 1.000000 0.000000
vt 1.000000 1.000000
vt 0.000000 1.000000
vt 0.000000 0.000000
vt 1.000000 0.000000
vt 1.000000 1.000000
vt 0.000000 1.000000
vt 0.000000 0.000000
vt 1.000000 0.000000
vt 1.000000 1.000000
vt 0.000000 1.000000
vt 0.000000 0.000000
vt 1.000000 0.000000
vt 1.000000 1.000000
vt 0.000000 1.000000
vt 0.000000 0.000000
vt 1.000000 0.000000
vt 1.000000 1.000000
vt 0.000000 1.000000
vt 0.000000 0.000000
vt 1.000000 0.000000
vt 1.000000 1.000000
vt 0.000000 1.000000
vt 0.000000 0.000000
vt 1.000000 0.000000
vt 1.000000 1.000000
vt 0.000000 1.000000
vt 0.000000 0.000000
vt 1.000000 0.000000
vt 1.000000 1.000000
vt 0.000000 1.000000
vt 0.000000 0.000000
vt 1.000000 0.000000
vt 1.000000 1.000000
vt 0.000000 1.000000
vt 0.000000 0.000000
vt 1.000000 0.000000
vt 1.000000 1.000000
vt 0.000000 1.000000
vt 0.000000 0.000000
vt 1.000000 0.000000
vt 1.000000 1.000000
vt 0.000000 1.000000
vt 0.000000 0.000000
vt 1.000000 0.000000
vt 1.000000 1.000000
vt 0.000000 1.000000
vt 0.000000 0.000000
vt 1.000000 0.000000
vt 1.000000 1.000000
vt 0.000000 1.000000
vt 0.000000 0.000000
vt 1.000000 0.000000
vt 1.000000 1.000000
vt 0.000000 1.000000
vt 0.000000 0.000000
vt 1.000000 0.000000
vt 1.000000 1.000000
vt 0.000000 1.000000
vt 0.000000 0.000000
vt 1.000000 0.000000
vt 1.000000 1.000000
vt 0.000000 1.000000
vt 0.000000 0.000000
vt 1.000000 0.000000
vt 1.000000 1.000000
vt 0.000000 1.000000
vt 0.000000 0.000000
vt 1.000000 0.000000
vt 1.000000 1.000000
vt 0.000000 1.000000
vt 0.000000 0.000000
vt 1.000000 0.000000
vt 1.000000 1.000000
vt 0.000000 1.000000
vt 0.000000 0.000000
vt 1.000000 0.000000
vt 1.000000 1.000000
vt 0.000000 1.000000
vt 0.000000 0.000000
vt 1.000000 0.000000
vt 1.000000 1.000000
vt 0.000000 1.000000
vt 0.000000 0.000000
vt 1.000000 0.000000
vt 1.000000 1.000000
vt 0.000000 1.000000
vt 0.000000 0.000000
vt 1.000000 0.000000
vt 1.000000 1.000000
vt 0.000000 1.000000
vt 0.000000 0.000000
vt 1.000000 0.000000
vt 1.000000 1.000000
vt 0.000000 1.000000
vt 0.000000 0.000000
vt 1.000000 0.000000
vt 1.000000 1.000000
vt 0.000000 1.000000
vt 0.000000 0.000000
vt 1.000000 0.000000
vt 1.000000 1.000000
vt 0.000000 1.000000
vt 0.000000 0.000000
vt 1.000000 0.000000
vt 1.000000 1.000000
vt 0.000000 1.000000
vt 0.000000 0.000000
vt 1.000000 0.000000
vt 1.000000 1.000000
vt 0.000000 1.000000
vt 0.000000 0.000000
vt 1.000000 0.000000
vt 1.000000 1.000000
vt 0.000000 1.000000
vt 0.000000 0.000000
vt 1.000000 0.000000
vt 1.000000 1.000000
vt 0.000000 1.000000
vn 0.190555 -0.979722 -0.061915
vn 0.162095 -0.979722 -0.117769
vn 0.269870 -0.942723 -0.196073
vn 0.317252 -0.942723 -0.103081
vn 0.117769 -0.979722 -0.162096
vn 0.196071 -0.942723 -0.269870
vn 0.061916 -0.979722 -0.190555
vn 0.103081 -0.942723 -0.317251
vn 0.000000 -0.979722 -0.200363
vn 0.000000 -0.942723 -0.333577
vn -0.061916 -0.979722 -0.190555
vn -0.103081 -0.942723 -0.317251
vn -0.117769 -0.979722 -0.162095
vn -0.196071 -0.942723 -0.269870
vn -0.162095 -0.979722 -0.117769
vn -0.269870 -0.942723 -0.196073
vn -0.190555 -0.979722 -0.061915
vn -0.317252 -0.942722 -0.103081
vn -0.200362 -0.979722 -0.000000
vn -0.333578 -0.942722 -0.000000
vn -0.190555 -0.979722 0.061915
vn -0.317252 -0.942722 0.103081
vn -0.162095 -0.979722 0.117769
vn -0.269869 -0.942723 0.196073
vn -0.117769 -0.979722 0.162095
vn -0.196072 -0.942722 0.269871
vn -0.061916 -0.979722 0.190555
vn -0.103082 -0.942723 0.317251
vn 0.000000 -0.979722 0.200363
vn 0.000000 -0.942723 0.333577
vn 0.061916 -0.979722 0.190555
vn 0.103082 -0.942723 0.317251
vn 0.117769 -0.979722 0.162095
vn 0.196072 -0.942722 0.269871
vn 0.162095 -0.979722 0.117769
vn 0.269869 -0.942723 0.196074
vn 0.190555 -0.979722 0.061916
vn 0.317252 -0.942723 0.103081
vn 0.200362 -0.979722 0.000001
vn 0.333578 -0.942722 0.000000
vn 0.380846 -0.882266 -0.276701
vn 0.447712 -0.882266 -0.145470
vn 0.276700 -0.882266 -0.380847
vn 0.145470 -0.882266 -0.447712
vn 0.000000 -0.882266 -0.470751
vn -0.145470 -0.882266 -0.447712
vn -0.276700 -0.882266 -0.380848
vn -0.380846 -0.882266 -0.276701
vn -0.447711 -0.882266 -0.145470
vn -0.470752 -0.882266 0.000000
vn -0.447712 -0.882266 0.145470
vn -0.380845 -0.882266 0.276702
vn -0.276700 -0.882266 0.380847
vn -0.145472 -0.882266 0.447711
vn -0.000000 -0.882266 0.470751
vn 0.145472 -0.882266 0.447711
vn 0.276700 -0.882266 0.380847
vn 0.380845 -0.882266 0.276702
vn 0.447712 -0.882266 0.145470
vn 0.470752 -0.882266 0.000001
vn 0.485139 -0.800251 -0.352475
vn 0.570315 -0.800252 -0.185306
vn 0.352473 -0.800251 -0.485140
vn 0.185308 -0.800251 -0.570315
vn 0.000000 -0.800251 -0.599665
vn -0.185308 -0.800251 -0.570315
vn -0.352474 -0.800251 -0.485140
vn -0.485139 -0.800251 -0.352474
vn -0.570315 -0.800251 -0.185306
vn -0.599664 -0.800252 0.000000
vn -0.570315 -0.800251 0.185307
vn -0.485138 -0.800252 0.352475
vn -0.352473 -0.800252 0.485140
vn -0.185308 -0.800252 0.570314
vn -0.000000 -0.800251 0.599665
vn 0.185308 -0.800252 0.570314
vn 0.352473 -0.800252 0.485139
vn 0.485139 -0.800251 0.352474
vn 0.570315 -0.800251 0.185306
vn 0.599665 -0.800251 0.000001
vn 0.578713 -0.698788 -0.420460
vn 0.680318 -0.698788 -0.221047
vn 0.420458 -0.698789 -0.578712
vn 0.221049 -0.698791 -0.680315
vn 0.000000 -0.698791 -0.715326
vn -0.221049 -0.698790 -0.680315
vn -0.420459 -0.698789 -0.578712
vn -0.578713 -0.698788 -0.420460
vn -0.680318 -0.698788 -0.221048
vn -0.715328 -0.698788 -0.000000
vn -0.680318 -0.698788 0.221048
vn -0.578713 -0.698788 0.420460
vn -0.420459 -0.698789 0.578713
vn -0.221049 -0.698788 0.680318
vn -0.000000 -0.698787 0.715330
vn 0.221049 -0.698788 0.680318
vn 0.420459 -0.698788 0.578713
vn 0.578713 -0.698788 0.420460
vn 0.680318 -0.698788 0.221048
vn 0.715329 -0.698788 0.000001
vn 0.658808 -0.580401 -0.478651
vn 0.774475 -0.580401 -0.251642
vn 0.478652 -0.580403 -0.658806
vn 0.251642 -0.580403 -0.774473
vn 0.000000 -0.580403 -0.814330
vn -0.251643 -0.580402 -0.774473
vn -0.478652 -0.580401 -0.658807
vn -0.658808 -0.580401 -0.478652
vn -0.774475 -0.580401 -0.251642
vn -0.814331 -0.580401 -0.000000
vn -0.774475 -0.580401 0.251642
vn -0.658808 -0.580400 0.478652
vn -0.478651 -0.580400 0.658809
vn -0.251643 -0.580400 0.774475
vn 0.000000 -0.580401 0.814331
vn 0.251643 -0.580400 0.774475
vn 0.478651 -0.580400 0.658809
vn 0.658808 -0.580400 0.478652
vn 0.774475 -0.580401 0.251642
vn 0.814331 -0.580401 0.000001
vn 0.723292 -0.447993 -0.525501
vn 0.850280 -0.447993 -0.276272
vn 0.525502 -0.447994 -0.723290
vn 0.276272 -0.447992 -0.850281
vn 0.000000 -0.447990 -0.894039
vn -0.276274 -0.447992 -0.850280
vn -0.525503 -0.447994 -0.723290
vn -0.723291 -0.447994 -0.525501
vn -0.850280 -0.447993 -0.276273
vn -0.894037 -0.447994 0.000000
vn -0.850280 -0.447993 0.276273
vn -0.723291 -0.447992 0.525502
vn -0.525502 -0.447993 0.723292
vn -0.276274 -0.447994 0.850279
vn 0.000000 -0.447995 0.894036
vn 0.276274 -0.447994 0.850279
vn 0.525502 -0.447993 0.723291
vn 0.723291 -0.447993 0.525502
vn 0.850280 -0.447993 0.276273
vn 0.894037 -0.447993 0.000001
vn 0.770525 -0.304789 -0.559817
vn 0.905805 -0.304789 -0.294313
vn 0.559819 -0.304787 -0.770524
vn 0.294313 -0.304786 -0.905806
vn 0.000000 -0.304786 -0.952421
vn -0.294314 -0.304787 -0.905806
vn -0.559819 -0.304789 -0.770524
vn -0.770524 -0.304790 -0.559818
vn -0.905805 -0.304790 -0.294313
vn -0.952420 -0.304789 0.000000
vn -0.905805 -0.304790 0.294313
vn -0.770523 -0.304790 0.559819
vn -0.559818 -0.304790 0.770523
vn -0.294315 -0.304790 0.905805
vn 0.000000 -0.304789 0.952420
vn 0.294315 -0.304790 0.905805
vn 0.559819 -0.304790 0.770523
vn 0.770524 -0.304790 0.559818
vn 0.905805 -0.304789 0.294314
vn 0.952420 -0.304789 0.000001
vn 0.799335 -0.154250 -0.580751
vn 0.939674 -0.154249 -0.305319
vn 0.580751 -0.154249 -0.799335
vn 0.305318 -0.154249 -0.939674
vn 0.000000 -0.154250 -0.988032
vn -0.305319 -0.154248 -0.939674
vn -0.580751 -0.154247 -0.799335
vn -0.799334 -0.154249 -0.580751
vn -0.939674 -0.154249 -0.305319
vn -0.988032 -0.154249 0.000000
vn -0.939674 -0.154249 0.305319
vn -0.799334 -0.154250 0.580751
vn -0.580750 -0.154249 0.799335
vn -0.305319 -0.154248 0.939674
vn -0.000000 -0.154247 0.988032
vn 0.305319 -0.154247 0.939674
vn 0.580750 -0.154249 0.799335
vn 0.799334 -0.154250 0.580751
vn 0.939674 -0.154249 0.305319
vn 0.988032 -0.154249 0.000001
vn 0.809014 -0.003276 -0.587781
vn 0.951052 -0.003276 -0.309014
vn 0.587781 -0.003276 -0.809014
vn 0.309015 -0.003276 -0.951052
vn 0.000000 -0.003276 -0.999995
vn -0.309018 -0.003276 -0.951051
vn -0.587781 -0.003276 -0.809013
vn -0.809012 -0.003276 -0.587783
vn -0.951052 -0.003276 -0.309015
vn -0.999995 -0.003276 0.000000
vn -0.951052 -0.003276 0.309015
vn -0.809012 -0.003276 0.587783
vn -0.587781 -0.003276 0.809013
vn -0.309015 -0.003276 0.951052
vn 0.000000 -0.003276 0.999995
vn 0.309015 -0.003276 0.951052
vn 0.587781 -0.003276 0.809013
vn 0.809012 -0.003276 0.587783
vn 0.951052 -0.003276 0.309015
vn 0.999995 -0.003276 0.000001
vn 0.000000 -1.000000 0.000000
vn 0.809018 0.000000 -0.587784
vn 0.951057 0.000000 -0.309016
vn 0.587784 0.000000 -0.809018
vn 0.309017 0.000000 -0.951057
vn 0.000000 0.000000 -1.000000
vn -0.309020 0.000000 -0.951056
vn -0.587784 0.000000 -0.809018
vn -0.809017 0.000000 -0.587786
vn -0.951057 0.000000 -0.309017
vn -1.000000 0.000000 0.000000
vn -0.951057 0.000000 0.309017
vn -0.809017 0.000000 0.587786
vn -0.587784 0.000000 0.809018
vn -0.309017 0.000000 0.951057
vn 0.000000 0.000000 1.000000
vn 0.309017 0.000000 0.951057
vn 0.587784 0.000000 0.809018
vn 0.809017 0.000000 0.587786
vn 0.951057 0.000000 0.309017
vn 1.000000 0.000000 0.000001
vn 0.000000 1.000000 0.000000
vn 0.000000 1.000000 0.000000
vn 0.000000 1.000000 0.000000
vn 0.000000 1.000000 0.000000
vn 0.000000 1.000000 -0.000001
vn 0.000000 1.000000 -0.000001
vn 0.000000 1.000000 -0.000000
vn 0.000000 1.000000 -0.000000
vn 0.000000 1.000000 0.000000
vn 0.000000 1.000000 0.000000
vn 0.000000 1.000000 0.000000
vn 0.000000 1.000000 0.000000
vn 0.000000 1.000000 0.000000
vn 0.000000 1.000000 0.000000
vn 0.000000 1.000000 0.000000
vn 0.000000 1.000000 0.000000
vn 0.000000 1.000000 0.000000
vn 0.000000 1.000000 0.000000
vn 0.000000 1.000000 0.000000
vn 0.000000 1.000000 0.000000
vn 0.000000 1.000000 -0.000001
vn 0.000000 1.000000 -0.000001
vn 0.000000 1.000000 -0.000001
vn 0.000000 1.000000 -0.000001
vn 0.000000 1.000000 0.000000
vn 0.000000 1.000000 0.000000
vn 0.000000 1.000000 -0.000000
vn 0.000000 1.000000 -0.000000
vn 0.000000 1.000000 -0.000000
vn 0.000000 1.000000 -0.000000
vn 0.000000 1.000000 -0.000001
vn 0.000000 1.000000 -0.000001
vn 0.000000 1.000000 -0.000001
vn 0.000000 1.000000 -0.000001
vn 0.000000 1.000000 0.000000
vn 0.000000 1.000000 0.000000
vn 0.000000 1.000000 0.000000
vn 0.000000 1.000000 0.000000
vn 0.000000 1.000000 0.000000
vn 0.000000 1.000000 0.000000
vn 0.951057 0.000000 -0.309016
vn 0.809017 0.000000 -0.587785
vn 0.809017 0.000000 -0.587785
vn 0.951057 0.000000 -0.309016
vn 0.587784 0.000000 -0.809018
vn 0.587784 0.000000 -0.809018
vn 0.309017 0.000000 -0.951056
vn 0.309017 0.000000 -0.951056
vn 0.000000 0.000000 -1.000000
vn 0.000000 0.000000 -1.000000
vn -0.309017 0.000000 -0.951056
vn -0.309017 0.000000 -0.951056
vn -0.587784 0.000000 -0.809018
vn -0.587784 0.000000 -0.809018
vn -0.809017 0.000000 -0.587785
vn -0.809017 0.000000 -0.587785
vn -0.951057 0.000000 -0.309017
vn -0.951057 0.000000 -0.309017
vn -1.000000 0.000000 0.000000
vn -1.000000 0.000000 0.000000
vn -0.951057 0.000000 0.309017
vn -0.951057 0.000000 0.309017
vn -0.809017 0.000000 0.587785
vn -0.809017 0.000000 0.587785
vn -0.587784 0.000000 0.809018
vn -0.587784 0.000000 0.809018
vn -0.309013 0.000000 0.951058
vn -0.309013 0.000000 0.951058
vn 0.000000 0.000000 1.000000
vn 0.000000 0.000000 1.000000
vn 0.309013 0.000000 0.951058
vn 0.309013 0.000000 0.951058
vn 0.587784 0.000000 0.809018
vn 0.587784 0.000000 0.809018
vn 0.809017 0.000000 0.587785
vn 0.809017 0.000000 0.587785
vn 0.951057 0.000000 0.309017
vn 0.951057 0.000000 0.309017
vn 1.000000 0.000000 0.000001
vn 1.000000 0.000000 0.000001
vn 0.000000 -1.000000 0.000000
vn 0.000000 -1.000000 0.000001
vn 0.000000 -1.000000 0.000001
vn 0.000000 -1.000000 0.000000
vn 0.000000 -1.000000 0.000001
vn 0.000000 -1.000000 0.000001
vn 0.000000 -1.000000 0.000000
vn 0.000000 -1.000000 0.000000
vn 0.000000 -1.000000 -0.000001
vn 0.000000 -1.000000 -0.000001
vn 0.000000 -1.000000 0.000001
vn 0.000000 -1.000000 0.000001
vn 0.000000 -1.000000 0.000001
vn 0.000000 -1.000000 0.000001
vn 0.000000 -1.000000 0.000001
vn 0.000000 -1.000000 0.000001
vn 0.000000 -1.000000 -0.000000
vn 0.000000 -1.000000 0.000000
vn 0.000000 -1.000000 0.000000
vn 0.000000 -1.000000 0.000000
vn 0.000000 -1.000000 0.000001
vn 0.000000 -1.000000 0.000001
vn 0.000000 -1.000000 0.000000
vn 0.000000 -1.000000 0.000000
vn 0.000000 -1.000000 -0.000001
vn 0.000000 -1.000000 -0.000001
vn 0.000000 -1.000000 -0.000002
vn 0.000000 -1.000000 -0.000002
vn 0.000000 -1.000000 -0.000002
vn 0.000000 -1.000000 -0.000002
vn 0.000000 -1.000000 -0.000002
vn 0.000000 -1.000000 -0.000002
vn 0.000000 -1.000000 0.000001
vn 0.000000 -1.000000 0.000001
vn 0.000000 -1.000000 0.000001
vn 0.000000 -1.000000 0.000001
vn 0.000000 -1.000000 -0.000001
vn 0.000000 -1.000000 -0.000001
vn 0.000000 -1.000000 0.000000
vn 0.000000 -1.000000 0.000000
vn 0.951057 0.000000 -0.309015
vn 0.809017 0.000000 -0.587785
vn 0.809017 0.000000 -0.587785
vn 0.951057 0.000000 -0.309015
vn 0.587783 0.000000 -0.809019
vn 0.587783 0.000000 -0.809019
vn 0.309017 0.000000 -0.951057
vn 0.309017 0.000000 -0.951057
vn 0.000000 0.000000 -1.000000
vn 0.000000 0.000000 -1.000000
vn -0.309017 0.000000 -0.951057
vn -0.309017 0.000000 -0.951057
vn -0.587783 0.000000 -0.809019
vn -0.587783 0.000000 -0.809019
vn -0.809017 0.000000 -0.587786
vn -0.809017 0.000000 -0.587786
vn -0.951057 0.000000 -0.309017
vn -0.951057 0.000000 -0.309017
vn -1.000000 0.000000 0.000000
vn -1.000000 0.000000 0.000000
vn -0.951057 0.000000 0.309017
vn -0.951057 0.000000 0.309017
vn -0.809017 0.000000 0.587786
vn -0.809017 0.000000 0.587786
vn -0.587785 0.000000 0.809017
vn -0.587785 0.000000 0.809017
vn -0.309013 0.000000 0.951058
vn -0.309013 0.000000 0.951058
vn 0.000000 0.000000 1.000000
vn 0.000000 0.000000 1.000000
vn 0.309014 0.000000 0.951058
vn 0.309014 0.000000 0.951058
vn 0.587786 0.000000 0.809017
vn 0.587786 0.000000 0.809017
vn 0.809017 0.000000 0.587785
vn 0.809017 0.000000 0.587785
vn 0.951057 0.000000 0.309017
vn 0.951057 0.000000 0.309017
vn 1.000000 0.000000 0.000001
vn 1.000000 0.000000 0.000001
vn 0.000000 1.000000 0.000002
vn 0.000000 1.000000 0.000002
vn 0.000000 1.000000 0.000002
vn 0.000000 1.000000 0.000002
vn 0.000000 1.000000 0.000000
vn 0.000000 1.000000 0.000000
vn 0.000000 1.000000 -0.000001
vn 0.000000 1.000000 -0.000001
vn 0.000000 1.000000 -0.000002
vn 0.000000 1.000000 -0.000002
vn 0.000000 1.000000 -0.000001
vn 0.000000 1.000000 -0.000001
vn 0.000000 1.000000 0.000000
vn 0.000000 1.000000 0.000000
vn 0.000000 1.000000 0.000002
vn 0.000000 1.000000 0.000002
vn 0.000000 1.000000 0.000002
vn 0.000000 1.000000 0.000002
vn 0.000000 1.000000 0.000000
vn 0.000000 1.000000 0.000000
vn 0.000000 1.000000 -0.000002
vn 0.000000 1.000000 -0.000002
vn 0.000000 1.000000 -0.000002
vn 0.000000 1.000000 -0.000002
vn 0.000000 1.000000 0.000002
vn 0.000000 1.000000 0.000002
vn 0.000000 1.000000 0.000002
vn 0.000000 1.000000 0.000002
vn 0.000000 1.000000 0.000001
vn 0.000000 1.000000 0.000001
vn 0.000000 1.000000 0.000002
vn 0.000000 1.000000 0.000002
vn 0.000000 1.000000 0.000001
vn 0.000000 1.000000 0.000001
vn 0.000000 1.000000 -0.000002
vn 0.000000 1.000000 -0.000002
vn 0.000000 1.000000 -0.000002
vn 0.000000 1.000000 -0.000002
vn 0.000000 1.000000 0.000000
vn 0.000000 1.000000 0.000000
s 1
g pSphere1
usemtl initialShadingGroup
f 1/1/1 2/2/2 22/23/3 21/22/4
f 2/2/2 3/3/5 23/24/6 22/23/3
f 3/3/5 4/4/7 24/25/8 23/24/6
f 4/4/7 5/5/9 25/26/10 24/25/8
f 5/5/9 6/6/11 26/27/12 25/26/10
f 6/6/11 7/7/13 27/28/14 26/27/12
f 7/7/13 8/8/15 28/29/16 27/28/14
f 8/8/15 9/9/17 29/30/18 28/29/16
f 9/9/17 10/10/19 30/31/20 29/30/18
f 10/10/19 11/11/21 31/32/22 30/31/20
f 11/11/21 12/12/23 32/33/24 31/32/22
f 12/12/23 13/13/25 33/34/26 32/33/24
f 13/13/25 14/14/27 34/35/28 33/34/26
f 14/14/27 15/15/29 35/36/30 34/35/28
f 15/15/29 16/16/31 36/37/32 35/36/30
f 16/16/31 17/17/33 37/38/34 36/37/32
f 17/17/33 18/18/35 38/39/36 37/38/34
f 18/18/35 19/19/37 39/40/38 38/39/36
f 19/19/37 20/20/39 40/41/40 39/40/38
f 20/20/39 1/21/1 21/42/4 40/41/40
f 21/22/4 22/23/3 42/44/41 41/43/42
f 22/23/3 23/24/6 43/45/43 42/44/41
f 23/24/6 24/25/8 44/46/44 43/45/43
f 24/25/8 25/26/10 45/47/45 44/46/44
f 25/26/10 26/27/12 46/48/46 45/47/45
f 26/27/12 27/28/14 47/49/47 46/48/46
f 27/28/14 28/29/16 48/50/48 47/49/47
f 28/29/16 29/30/18 49/51/49 48/50/48
f 29/30/18 30/31/20 50/52/50 49/51/49
f 30/31/20 31/32/22 51/53/51 50/52/50
f 31/32/22 32/33/24 52/54/52 51/53/51
f 32/33/24 33/34/26 53/55/53 52/54/52
f 33/34/26 34/35/28 54/56/54 53/55/53
f 34/35/28 35/36/30 55/57/55 54/56/54
f 35/36/30 36/37/32 56/58/56 55/57/55
f 36/37/32 37/38/34 57/59/57 56/58/56
f 37/38/34 38/39/36 58/60/58 57/59/57
f 38/39/36 39/40/38 59/61/59 58/60/58
f 39/40/38 40/41/40 60/62/60 59/61/59
f 40/41/40 21/42/4 41/63/42 60/62/60
f 41/43/42 42/44/41 62/65/61 61/64/62
f 42/44/41 43/45/43 63/66/63 62/65/61
f 43/45/43 44/46/44 64/67/64 63/66/63
f 44/46/44 45/47/45 65/68/65 64/67/64
f 45/47/45 46/48/46 66/69/66 65/68/65
f 46/48/46 47/49/47 67/70/67 66/69/66
f 47/49/47 48/50/48 68/71/68 67/70/67
f 48/50/48 49/51/49 69/72/69 68/71/68
f 49/51/49 50/52/50 70/73/70 69/72/69
f 50/52/50 51/53/51 71/74/71 70/73/70
f 51/53/51 52/54/52 72/75/72 71/74/71
f 52/54/52 53/55/53 73/76/73 72/75/72
f 53/55/53 54/56/54 74/77/74 73/76/73
f 54/56/54 55/57/55 75/78/75 74/77/74
f 55/57/55 56/58/56 76/79/76 75/78/75
f 56/58/56 57/59/57 77/80/77 76/79/76
f 57/59/57 58/60/58 78/81/78 77/80/77
f 58/60/58 59/61/59 79/82/79 78/81/78
f 59/61/59 60/62/60 80/83/80 79/82/79
f 60/62/60 41/63/42 61/84/62 80/83/80
f 61/64/62 62/65/61 82/86/81 81/85/82
f 62/65/61 63/66/63 83/87/83 82/86/81
f 63/66/63 64/67/64 84/88/84 83/87/83
f 64/67/64 65/68/65 85/89/85 84/88/84
f 65/68/65 66/69/66 86/90/86 85/89/85
f 66/69/66 67/70/67 87/91/87 86/90/86
f 67/70/67 68/71/68 88/92/88 87/91/87
f 68/71/68 69/72/69 89/93/89 88/92/88
f 69/72/69 70/73/70 90/94/90 89/93/89
f 70/73/70 71/74/71 91/95/91 90/94/90
f 71/74/71 72/75/72 92/96/92 91/95/91
f 72/75/72 73/76/73 93/97/93 92/96/92
f 73/76/73 74/77/74 94/98/94 93/97/93
f 74/77/74 75/78/75 95/99/95 94/98/94
f 75/78/75 76/79/76 96/100/96 95/99/95
f 76/79/76 77/80/77 97/101/97 96/100/96
f 77/80/77 78/81/78 98/102/98 97/101/97
f 78/81/78 79/82/79 99/103/99 98/102/98
f 79/82/79 80/83/80 100/104/100 99/103/99
f 80/83/80 61/84/62 81/105/82 100/104/100
f 81/85/82 82/86/81 102/107/101 101/106/102
f 82/86/81 83/87/83 103/108/103 102/107/101
f 83/87/83 84/88/84 104/109/104 103/108/103
f 84/88/84 85/89/85 105/110/105 104/109/104
f 85/89/85 86/90/86 106/111/106 105/110/105
f 86/90/86 87/91/87 107/112/107 106/111/106
f 87/91/87 88/92/88 108/113/108 107/112/107
f 88/92/88 89/93/89 109/114/109 108/113/108
f 89/93/89 90/94/90 110/115/110 109/114/109
f 90/94/90 91/95/91 111/116/111 110/115/110
f 91/95/91 92/96/92 112/117/112 111/116/111
f 92/96/92 93/97/93 113/118/113 112/117/112
f 93/97/93 94/98/94 114/119/114 113/118/113
f 94/98/94 95/99/95 115/120/115 114/119/114
f 95/99/95 96/100/96 116/121/116 115/120/115
f 96/100/96 97/101/97 117/122/117 116/121/116
f 97/101/97 98/102/98 118/123/118 117/122/117
f 98/102/98 99/103/99 119/124/119 118/123/118
f 99/103/99 100/104/100 120/125/120 119/124/119
f 100/104/100 81/105/82 101/126/102 120/125/120
f 101/106/102 102/107/101 122/128/121 121/127/122
f 102/107/101 103/108/103 123/129/123 122/128/121
f 103/108/103 104/109/104 124/130/124 123/129/123
f 104/109/104 105/110/105 125/131/125 124/130/124
f 105/110/105 106/111/106 126/132/126 125/131/125
f 106/111/106 107/112/107 127/133/127 126/132/126
f 107/112/107 108/113/108 128/134/128 127/133/127
f 108/113/108 109/114/109 129/135/129 128/134/128
f 109/114/109 110/115/110 130/136/130 129/135/129
f 110/115/110 111/116/111 131/137/131 130/136/130
f 111/116/111 112/117/112 132/138/132 131/137/131
f 112/117/112 113/118/113 133/139/133 132/138/132
f 113/118/113 114/119/114 134/140/134 133/139/133
f 114/119/114 115/120/115 135/141/135 134/140/134
f 115/120/115 116/121/116 136/142/136 135/141/135
f 116/121/116 117/122/117 137/143/137 136/142/136
f 117/122/117 118/123/118 138/144/138 137/143/137
f 118/123/118 119/124/119 139/145/139 138/144/138
f 119/124/119 120/125/120 140/146/140 139/145/139
f 120/125/120 101/126/102 121/147/122 140/146/140
f 121/127/122 122/128/121 142/149/141 141/148/142
f 122/128/121 123/129/123 143/150/143 142/149/141
f 123/129/123 124/130/124 144/151/144 143/150/143
f 124/130/124 125/131/125 145/152/145 144/151/144
f 125/131/125 126/132/126 146/153/146 145/152/145
f 126/132/126 127/133/127 147/154/147 146/153/146
f 127/133/127 128/134/128 148/155/148 147/154/147
f 128/134/128 129/135/129 149/156/149 148/155/148
f 129/135/129 130/136/130 150/157/150 149/156/149
f 130/136/130 131/137/131 151/158/151 150/157/150
f 131/137/131 132/138/132 152/159/152 151/158/151
f 132/138/132 133/139/133 153/160/153 152/159/152
f 133/139/133 134/140/134 154/161/154 153/160/153
f 134/140/134 135/141/135 155/162/155 154/161/154
f 135/141/135 136/142/136 156/163/156 155/162/155
f 136/142/136 137/143/137 157/164/157 156/163/156
f 137/143/137 138/144/138 158/165/158 157/164/157
f 138/144/138 139/145/139 159/166/159 158/165/158
f 139/145/139 140/146/140 160/167/160 159/166/159
f 140/146/140 121/147/122 141/168/142 160/167/160
f 141/148/142 142/149/141 162/170/161 161/169/162
f 142/149/141 143/150/143 163/171/163 162/170/161
f 143/150/143 144/151/144 164/172/164 163/171/163
f 144/151/144 145/152/145 165/173/165 164/172/164
f 145/152/145 146/153/146 166/174/166 165/173/165
f 146/153/146 147/154/147 167/175/167 166/174/166
f 147/154/147 148/155/148 168/176/168 167/175/167
f 148/155/148 149/156/149 169/177/169 168/176/168
f 149/156/149 150/157/150 170/178/170 169/177/169
f 150/157/150 151/158/151 171/179/171 170/178/170
f 151/158/151 152/159/152 172/180/172 171/179/171
f 152/159/152 153/160/153 173/181/173 172/180/172
f 153/160/153 154/161/154 174/182/174 173/181/173
f 154/161/154 155/162/155 175/183/175 174/182/174
f 155/162/155 156/163/156 176/184/176 175/183/175
f 156/163/156 157/164/157 177/185/177 176/184/176
f 157/164/157 158/165/158 178/186/178 177/185/177
f 158/165/158 159/166/159 179/187/179 178/186/178
f 159/166/159 160/167/160 180/188/180 179/187/179
f 160/167/160 141/168/142 161/189/162 180/188/180
f 161/169/162 162/170/161 182/191/181 181/190/182
f 162/170/161 163/171/163 183/192/183 182/191/181
f 163/171/163 164/172/164 184/193/184 183/192/183
f 164/172/164 165/173/165 185/194/185 184/193/184
f 165/173/165 166/174/166 186/195/186 185/194/185
f 166/174/166 167/175/167 187/196/187 186/195/186
f 167/175/167 168/176/168 188/197/188 187/196/187
f 168/176/168 169/177/169 189/198/189 188/197/188
f 169/177/169 170/178/170 190/199/190 189/198/189
f 170/178/170 171/179/171 191/200/191 190/199/190
f 171/179/171 172/180/172 192/201/192 191/200/191
f 172/180/172 173/181/173 193/202/193 192/201/192
f 173/181/173 174/182/174 194/203/194 193/202/193
f 174/182/174 175/183/175 195/204/195 194/203/194
f 175/183/175 176/184/176 196/205/196 195/204/195
f 176/184/176 177/185/177 197/206/197 196/205/196
f 177/185/177 178/186/178 198/207/198 197/206/197
f 178/186/178 179/187/179 199/208/199 198/207/198
f 179/187/179 180/188/180 200/209/200 199/208/199
f 180/188/180 161/189/162 181/210/182 200/209/200
f 2/2/2 1/1/1 201/211/201
f 3/3/5 2/2/2 201/212/201
f 4/4/7 3/3/5 201/213/201
f 5/5/9 4/4/7 201/214/201
f 6/6/11 5/5/9 201/215/201
f 7/7/13 6/6/11 201/216/201
f 8/8/15 7/7/13 201/217/201
f 9/9/17 8/8/15 201/218/201
f 10/10/19 9/9/17 201/219/201
f 11/11/21 10/10/19 201/220/201
f 12/12/23 11/11/21 201/221/201
f 13/13/25 12/12/23 201/222/201
f 14/14/27 13/13/25 201/223/201
f 15/15/29 14/14/27 201/224/201
f 16/16/31 15/15/29 201/225/201
f 17/17/33 16/16/31 201/226/201
f 18/18/35 17/17/33 201/227/201
f 19/19/37 18/18/35 201/228/201
f 20/20/39 19/19/37 201/229/201
f 1/21/1 20/20/39 201/230/201
f 181/231/182 182/232/181 203/233/202 202/234/203
f 182/235/181 183/236/183 204/237/204 203/238/202
f 183/239/183 184/240/184 205/241/205 204/242/204
f 184/243/184 185/244/185 206/245/206 205/246/205
f 185/247/185 186/248/186 207/249/207 206/250/206
f 186/251/186 187/252/187 208/253/208 207/254/207
f 187/255/187 188/256/188 209/257/209 208/258/208
f 188/259/188 189/260/189 210/261/210 209/262/209
f 189/263/189 190/264/190 211/265/211 210/266/210
f 190/267/190 191/268/191 212/269/212 211/270/211
f 191/271/191 192/272/192 213/273/213 212/274/212
f 192/275/192 193/276/193 214/277/214 213/278/213
f 193/279/193 194/280/194 215/281/215 214/282/214
f 194/283/194 195/284/195 216/285/216 215/286/215
f 195/287/195 196/288/196 217/289/217 216/290/216
f 196/291/196 197/292/197 218/293/218 217/294/217
f 197/295/197 198/296/198 219/297/219 218/298/218
f 198/299/198 199/300/199 220/301/220 219/302/219
f 199/303/199 200/304/200 221/305/221 220/306/220
f 200/307/200 181/308/182 202/309/203 221/310/221
s 2
f 202/311/222 203/312/223 223/313/224 222/314/225
f 203/315/223 204/316/226 224/317/227 223/318/224
f 204/319/226 205/320/228 225/321/229 224/322/227
f 205/323/228 206/324/230 226/325/231 225/326/229
f 206/327/230 207/328/232 227/329/233 226/330/231
f 207/331/232 208/332/234 228/333/235 227/334/233
f 208/335/234 209/336/236 229/337/237 228/338/235
f 209/339/236 210/340/238 230/341/239 229/342/237
f 210/343/238 211/344/240 231/345/241 230/346/239
f 211/347/240 212/348/242 232/349/243 231/350/241
f 212/351/242 213/352/244 233/353/245 232/354/243
f 213/355/244 214/356/246 234/357/247 233/358/245
f 214/359/246 215/360/248 235/361/249 234/362/247
f 215/363/248 216/364/250 236/365/251 235/366/249
f 216/367/250 217/368/252 237/369/253 236/370/251
f 217/371/252 218/372/254 238/373/255 237/374/253
f 218/375/254 219/376/256 239/377/257 238/378/255
f 219/379/256 220/380/258 240/381/259 239/382/257
f 220/383/258 221/384/260 241/385/261 240/386/259
f 221/387/260 202/388/222 222/389/225 241/390/261
s 3
f 222/391/262 223/392/263 243/393/264 242/394/265
f 223/395/263 224/396/266 244/397/267 243/398/264
f 224/399/266 225/400/268 245/401/269 244/402/267
f 225/403/268 226/404/270 246/405/271 245/406/269
f 226/407/270 227/408/272 247/409/273 246/410/271
f 227/411/272 228/412/274 248/413/275 247/414/273
f 228/415/274 229/416/276 249/417/277 248/418/275
f 229/419/276 230/420/278 250/421/279 249/422/277
f 230/423/278 231/424/280 251/425/281 250/426/279
f 231/427/280 232/428/282 252/429/283 251/430/281
f 232/431/282 233/432/284 253/433/285 252/434/283
f 233/435/284 234/436/286 254/437/287 253/438/285
f 234/439/286 235/440/288 255/441/289 254/442/287
f 235/443/288 236/444/290 256/445/291 255/446/289
f 236/447/290 237/448/292 257/449/293 256/450/291
f 237/451/292 238/452/294 258/453/295 257/454/293
f 238/455/294 239/456/296 259/457/297 258/458/295
f 239/459/296 240/460/298 260/461/299 259/462/297
f 240/463/298 241/464/300 261/465/301 260/466/299
f 241/467/300 222/468/262 242/469/265 261/470/301
s 4
f 242/471/302 243/472/303 263/473/304 262/474/305
f 243/475/303 244/476/306 264/477/307 263/478/304
f 244/479/306 245/480/308 265/481/309 264/482/307
f 245/483/308 246/484/310 266/485/311 265/486/309
f 246/487/310 247/488/312 267/489/313 266/490/311
f 247/491/312 248/492/314 268/493/315 267/494/313
f 248/495/314 249/496/316 269/497/317 268/498/315
f 249/499/316 250/500/318 270/501/319 269/502/317
f 250/503/318 251/504/320 271/505/321 270/506/319
f 251/507/320 252/508/322 272/509/323 271/510/321
f 252/511/322 253/512/324 273/513/325 272/514/323
f 253/515/324 254/516/326 274/517/327 273/518/325
f 254/519/326 255/520/328 275/521/329 274/522/327
f 255/523/328 256/524/330 276/525/331 275/526/329
f 256/527/330 257/528/332 277/529/333 276/530/331
f 257/531/332 258/532/334 278/533/335 277/534/333
f 258/535/334 259/536/336 279/537/337 278/538/335
f 259/539/336 260/540/338 280/541/339 279/542/337
f 260/543/338 261/544/340 281/545/341 280/546/339
f 261/547/340 242/548/302 262/549/305 281/550/341
s 5
f 262/551/342 263/552/343 283/553/344 282/554/345
f 263/555/343 264/556/346 284/557/347 283/558/344
f 264/559/346 265/560/348 285/561/349 284/562/347
f 265/563/348 266/564/350 286/565/351 285/566/349
f 266/567/350 267/568/352 287/569/353 286/570/351
f 267/571/352 268/572/354 288/573/355 287/574/353
f 268/575/354 269/576/356 289/577/357 288/578/355
f 269/579/356 270/580/358 290/581/359 289/582/357
f 270/583/358 271/584/360 291/585/361 290/586/359
f 271/587/360 272/588/362 292/589/363 291/590/361
f 272/591/362 273/592/364 293/593/365 292/594/363
f 273/595/364 274/596/366 294/597/367 293/598/365
f 274/599/366 275/600/368 295/601/369 294/602/367
f 275/603/368 276/604/370 296/605/371 295/606/369
f 276/607/370 277/608/372 297/609/373 296/610/371
f 277/611/372 278/612/374 298/613/375 297/614/373
f 278/615/374 279/616/376 299/617/377 298/618/375
f 279/619/376 280/620/378 300/621/379 299/622/377
f 280/623/378 281/624/380 301/625/381 300/626/379
f 281/627/380 262/628/342 282/629/345 301/630/381
s 6
f 282/631/382 283/632/383 303/633/384 302/634/385
f 283/635/383 284/636/386 304/637/387 303/638/384
f 284/639/386 285/640/388 305/641/389 304/642/387
f 285/643/388 286/644/390 306/645/391 305/646/389
f 286/647/390 287/648/392 307/649/393 306/650/391
f 287/651/392 288/652/394 308/653/395 307/654/393
f 288/655/394 289/656/396 309/657/397 308/658/395
f 289/659/396 290/660/398 310/661/399 309/662/397
f 290/663/398 291/664/400 311/665/401 310/666/399
f 291/667/400 292/668/402 312/669/403 311/670/401
f 292/671/402 293/672/404 313/673/405 312/674/403
f 293/675/404 294/676/406 314/677/407 313/678/405
f 294/679/406 295/680/408 315/681/409 314/682/407
f 295/683/408 296/684/410 316/685/411 315/686/409
f 296/687/410 297/688/412 317/689/413 316/690/411
f 297/691/412 298/692/414 318/693/415 317/694/413
f 298/695/414 299/696/416 319/697/417 318/698/415
f 299/699/416 300/700/418 320/701/419 319/702/417
f 300/703/418 301/704/420 321/705/421 320/706/419
f 301/707/420 282/708/382 302/709/385 321/710/421
g default
v 0.016778 -0.636770 -1.005451
v 0.014272 -0.636770 -1.010369
v 0.010369 -0.636770 -1.014272
v 0.005452 -0.636770 -1.016778
v 0.000000 -0.636770 -1.017641
v -0.005451 -0.636770 -1.016778
v -0.010369 -0.636770 -1.014272
v -0.014272 -0.636770 -1.010369
v -0.016778 -0.636770 -1.005451
v -0.017641 -0.636770 -1.000000
v -0.016778 -0.636770 -0.994548
v -0.014272 -0.636770 -0.989631
v -0.010369 -0.636770 -0.985728
v -0.005451 -0.636770 -0.983222
v 0.000000 -0.636770 -0.982358
v 0.005452 -0.636770 -0.983222
v 0.010369 -0.636770 -0.985728
v 0.014272 -0.636770 -0.989631
v 0.016778 -0.636770 -0.994548
v 0.017641 -0.636770 -1.000000
v 0.033143 -0.632639 -1.010769
v 0.028193 -0.632639 -1.020483
v 0.020483 -0.632639 -1.028193
v 0.010769 -0.632639 -1.033143
v 0.000000 -0.632639 -1.034848
v -0.010769 -0.632639 -1.033143
v -0.020483 -0.632639 -1.028193
v -0.028193 -0.632639 -1.020483
v -0.033143 -0.632639 -1.010769
v -0.034848 -0.632639 -1.000000
v -0.033143 -0.632639 -0.989231
v -0.028193 -0.632639 -0.979516
v -0.020483 -0.632639 -0.971807
v -0.010769 -0.632639 -0.966857
v 0.000000 -0.632639 -0.965151
v 0.010769 -0.632639 -0.966857
v 0.020483 -0.632639 -0.971807
v 0.028193 -0.632639 -0.979516
v 0.033143 -0.632639 -0.989231
v 0.034848 -0.632639 -1.000000
v 0.048692 -0.625867 -1.015821
v 0.041420 -0.625867 -1.030093
v 0.030093 -0.625867 -1.041420
v 0.015821 -0.625867 -1.048692
v 0.000000 -0.625867 -1.051197
v -0.015821 -0.625867 -1.048692
v -0.030093 -0.625867 -1.041420
v -0.041420 -0.625867 -1.030093
v -0.048692 -0.625867 -1.015821
v -0.051197 -0.625867 -1.000000
v -0.048692 -0.625867 -0.984179
v -0.041420 -0.625867 -0.969907
v -0.030093 -0.625867 -0.958580
v -0.015821 -0.625867 -0.951308
v 0.000000 -0.625867 -0.948802
v 0.015821 -0.625867 -0.951308
v 0.030093 -0.625867 -0.958580
v 0.041420 -0.625867 -0.969907
v 0.048692 -0.625867 -0.984179
v 0.051197 -0.625867 -1.000000
v 0.063042 -0.616621 -1.020483
v 0.053626 -0.616621 -1.038962
v 0.038962 -0.616621 -1.053626
v 0.020483 -0.616621 -1.063041
v 0.000000 -0.616621 -1.066286
v -0.020483 -0.616621 -1.063041
v -0.038962 -0.616621 -1.053626
v -0.053626 -0.616621 -1.038962
v -0.063042 -0.616621 -1.020483
v -0.066286 -0.616621 -1.000000
v -0.063042 -0.616621 -0.979516
v -0.053626 -0.616621 -0.961038
v -0.038962 -0.616621 -0.946374
v -0.020483 -0.616621 -0.936958
v 0.000000 -0.616621 -0.933714
v 0.020483 -0.616621 -0.936958
v 0.038962 -0.616621 -0.946374
v 0.053626 -0.616621 -0.961038
v 0.063042 -0.616621 -0.979516
v 0.066286 -0.616621 -1.000000
v 0.075839 -0.605128 -1.024641
v 0.064513 -0.605128 -1.046871
v 0.046871 -0.605128 -1.064512
v 0.024642 -0.605128 -1.075839
v 0.000000 -0.605128 -1.079742
v -0.024642 -0.605128 -1.075839
v -0.046871 -0.605128 -1.064512
v -0.064513 -0.605128 -1.046871
v -0.075839 -0.605128 -1.024641
v -0.079742 -0.605128 -1.000000
v -0.075839 -0.605128 -0.975358
v -0.064513 -0.605128 -0.953129
v -0.046871 -0.605128 -0.935487
v -0.024642 -0.605128 -0.924161
v 0.000000 -0.605128 -0.920258
v 0.024642 -0.605128 -0.924161
v 0.046871 -0.605128 -0.935487
v 0.064513 -0.605128 -0.953129
v 0.075839 -0.605128 -0.975358
v 0.079742 -0.605128 -1.000000
v 0.086769 -0.591672 -1.028193
v 0.073810 -0.591672 -1.053626
v 0.053626 -0.591672 -1.073810
v 0.028193 -0.591672 -1.086769
v 0.000000 -0.591672 -1.091235
v -0.028193 -0.591672 -1.086769
v -0.053626 -0.591672 -1.073810
v -0.073810 -0.591672 -1.053626
v -0.086769 -0.591672 -1.028193
v -0.091235 -0.591672 -1.000000
v -0.086769 -0.591672 -0.971807
v -0.073810 -0.591672 -0.946374
v -0.053626 -0.591672 -0.926190
v -0.028193 -0.591672 -0.913231
v 0.000000 -0.591672 -0.908765
v 0.028193 -0.591672 -0.913231
v 0.053626 -0.591672 -0.926190
v 0.073810 -0.591672 -0.946374
v 0.086769 -0.591672 -0.971807
v 0.091235 -0.591672 -1.000000
v 0.095563 -0.576584 -1.031050
v 0.081291 -0.576584 -1.059061
v 0.059061 -0.576584 -1.081291
v 0.031050 -0.576584 -1.095563
v 0.000000 -0.576584 -1.100481
v -0.031050 -0.576584 -1.095563
v -0.059061 -0.576584 -1.081290
v -0.081291 -0.576584 -1.059061
v -0.095563 -0.576584 -1.031050
v -0.100481 -0.576584 -1.000000
v -0.095563 -0.576584 -0.968950
v -0.081291 -0.576584 -0.940939
v -0.059061 -0.576584 -0.918709
v -0.031050 -0.576584 -0.904437
v 0.000000 -0.576584 -0.899519
v 0.031050 -0.576584 -0.904437
v 0.059061 -0.576584 -0.918709
v 0.081291 -0.576584 -0.940939
v 0.095563 -0.576584 -0.968950
v 0.100481 -0.576584 -1.000000
v 0.102003 -0.560235 -1.033143
v 0.086769 -0.560235 -1.063041
v 0.063042 -0.560235 -1.086769
v 0.033143 -0.560235 -1.102003
v 0.000000 -0.560235 -1.107252
v -0.033143 -0.560235 -1.102003
v -0.063042 -0.560235 -1.086769
v -0.086769 -0.560235 -1.063041
v -0.102003 -0.560235 -1.033143
v -0.107253 -0.560235 -1.000000
v -0.102003 -0.560235 -0.966857
v -0.086769 -0.560235 -0.936958
v -0.063041 -0.560235 -0.913231
v -0.033143 -0.560235 -0.897997
v 0.000000 -0.560235 -0.892747
v 0.033143 -0.560235 -0.897997
v 0.063042 -0.560235 -0.913231
v 0.086769 -0.560235 -0.936958
v 0.102003 -0.560235 -0.966857
v 0.107253 -0.560235 -1.000000
v 0.105932 -0.543028 -1.034419
v 0.090111 -0.543028 -1.065470
v 0.065470 -0.543028 -1.090111
v 0.034419 -0.543028 -1.105932
v 0.000000 -0.543028 -1.111384
v -0.034419 -0.543028 -1.105932
v -0.065470 -0.543028 -1.090111
v -0.090111 -0.543028 -1.065470
v -0.105932 -0.543028 -1.034419
v -0.111384 -0.543028 -1.000000
v -0.105932 -0.543028 -0.965580
v -0.090111 -0.543028 -0.934530
v -0.065470 -0.543028 -0.909889
v -0.034419 -0.543028 -0.894068
v 0.000000 -0.543028 -0.888616
v 0.034419 -0.543028 -0.894068
v 0.065470 -0.543028 -0.909889
v 0.090111 -0.543028 -0.934530
v 0.105932 -0.543028 -0.965580
v 0.111384 -0.543028 -1.000000
v 0.107253 -0.525386 -1.034848
v 0.091235 -0.525386 -1.066286
v 0.066286 -0.525386 -1.091235
v 0.034849 -0.525386 -1.107252
v 0.000000 -0.525386 -1.112772
v -0.034848 -0.525386 -1.107252
v -0.066286 -0.525386 -1.091234
v -0.091235 -0.525386 -1.066286
v -0.107253 -0.525386 -1.034848
v -0.112772 -0.525386 -1.000000
v -0.107253 -0.525386 -0.965151
v -0.091235 -0.525386 -0.933714
v -0.066286 -0.525386 -0.908765
v -0.034848 -0.525386 -0.892747
v 0.000000 -0.525386 -0.887228
v 0.034848 -0.525386 -0.892747
v 0.066286 -0.525386 -0.908765
v 0.091235 -0.525386 -0.933714
v 0.107253 -0.525386 -0.965151
v 0.112772 -0.525386 -1.000000
v 0.000000 -0.638158 -1.000000
v 0.107253 -0.124902 -1.034848
v 0.091235 -0.124902 -1.066286
v 0.066286 -0.124902 -1.091235
v 0.034849 -0.124902 -1.107252
v 0.000000 -0.124902 -1.112772
v -0.034848 -0.124902 -1.107252
v -0.066286 -0.124902 -1.091234
v -0.091235 -0.124902 -1.066286
v -0.107253 -0.124902 -1.034848
v -0.112772 -0.124902 -1.000000
v -0.107253 -0.124902 -0.965151
v -0.091235 -0.124902 -0.933714
v -0.066286 -0.124902 -0.908765
v -0.034848 -0.124902 -0.892747
v 0.000000 -0.124902 -0.887228
v 0.034848 -0.124902 -0.892747
v 0.066286 -0.124902 -0.908765
v 0.091235 -0.124902 -0.933714
v 0.107253 -0.124902 -0.965151
v 0.112772 -0.124902 -1.000000
v 0.082227 -0.124902 -1.026717
v 0.069947 -0.124902 -1.050819
v 0.050819 -0.124902 -1.069946
v 0.026717 -0.124902 -1.082227
v 0.000000 -0.124902 -1.086459
v -0.026717 -0.124902 -1.082227
v -0.050819 -0.124902 -1.069946
v -0.069946 -0.124902 -1.050819
v -0.082227 -0.124902 -1.026717
v -0.086459 -0.124902 -1.000000
v -0.082227 -0.124902 -0.973283
v -0.069946 -0.124902 -0.949181
v -0.050819 -0.124902 -0.930053
v -0.026717 -0.124902 -0.917773
v 0.000000 -0.124902 -0.913541
v 0.026717 -0.124902 -0.917773
v 0.050819 -0.124902 -0.930053
v 0.069946 -0.124902 -0.949181
v 0.082227 -0.124902 -0.973283
v 0.086459 -0.124902 -1.000000
v 0.082227 0.451878 -1.026717
v 0.069947 0.451878 -1.050819
v 0.050819 0.451878 -1.069946
v 0.026717 0.451878 -1.082227
v 0.000000 0.451878 -1.086459
v -0.026717 0.451878 -1.082227
v -0.050819 0.451878 -1.069946
v -0.069946 0.451878 -1.050819
v -0.082227 0.451878 -1.026717
v -0.086459 0.451878 -1.000000
v -0.082227 0.451878 -0.973283
v -0.069946 0.451878 -0.949181
v -0.050819 0.451878 -0.930053
v -0.026717 0.451878 -0.917773
v 0.000000 0.451878 -0.913541
v 0.026717 0.451878 -0.917773
v 0.050819 0.451878 -0.930053
v 0.069946 0.451878 -0.949181
v 0.082227 0.451878 -0.973283
v 0.086459 0.451878 -1.000000
v 0.102784 0.451878 -1.033396
v 0.087433 0.451878 -1.063524
v 0.063524 0.451878 -1.087433
v 0.033397 0.451878 -1.102784
v 0.000000 0.451878 -1.108073
v -0.033396 0.451878 -1.102784
v -0.063524 0.451878 -1.087433
v -0.087433 0.451878 -1.063524
v -0.102784 0.451878 -1.033396
v -0.108073 0.451878 -1.000000
v -0.102784 0.451878 -0.966603
v -0.087433 0.451878 -0.936476
v -0.063524 0.451878 -0.912567
v -0.033396 0.451878 -0.897216
v 0.000000 0.451878 -0.891927
v 0.033397 0.451878 -0.897216
v 0.063524 0.451878 -0.912567
v 0.087433 0.451878 -0.936476
v 0.102784 0.451878 -0.966603
v 0.108073 0.451878 -1.000000
v 0.102784 0.638158 -1.033396
v 0.087433 0.638158 -1.063524
v 0.063524 0.638158 -1.087433
v 0.033397 0.638158 -1.102784
v 0.000000 0.638158 -1.108073
v -0.033396 0.638158 -1.102784
v -0.063524 0.638158 -1.087433
v -0.087433 0.638158 -1.063524
v -0.102784 0.638158 -1.033396
v -0.108073 0.638158 -1.000000
v -0.102784 0.638158 -0.966603
v -0.087433 0.638158 -0.936476
v -0.063524 0.638158 -0.912567
v -0.033396 0.638158 -0.897216
v 0.000000 0.638158 -0.891927
v 0.033397 0.638158 -0.897216
v 0.063524 0.638158 -0.912567
v 0.087433 0.638158 -0.936476
v 0.102784 0.638158 -0.966603
v 0.108073 0.638158 -1.000000
v 0.001713 0.638158 -1.000557
v 0.001457 0.638158 -1.001059
v 0.001059 0.638158 -1.001457
v 0.000557 0.638158 -1.001713
v 0.000000 0.638158 -1.001801
v -0.000557 0.638158 -1.001713
v -0.001059 0.638158 -1.001457
v -0.001457 0.638158 -1.001059
v -0.001713 0.638158 -1.000557
v -0.001801 0.638158 -1.000000
v -0.001713 0.638158 -0.999444
v -0.001457 0.638158 -0.998942
v -0.001059 0.638158 -0.998543
v -0.000557 0.638158 -0.998287
v 0.000000 0.638158 -0.998199
v 0.000557 0.638158 -0.998287
v 0.001059 0.638158 -0.998543
v 0.001457 0.638158 -0.998942
v 0.001713 0.638158 -0.999444
v 0.001801 0.638158 -1.000000
vt 0.000000 0.050000
vt 0.050000 0.050000
vt 0.100000 0.050000
vt 0.150000 0.050000
vt 0.200000 0.050000
vt 0.250000 0.050000
vt 0.300000 0.050000
vt 0.350000 0.050000
vt 0.400000 0.050000
vt 0.450000 0.050000
vt 0.500000 0.050000
vt 0.550000 0.050000
vt 0.600000 0.050000
vt 0.650000 0.050000
vt 0.700000 0.050000
vt 0.750000 0.050000
vt 0.800000 0.050000
vt 0.850000 0.050000
vt 0.900000 0.050000
vt 0.950000 0.050000
vt 1.000000 0.050000
vt 0.000000 0.100000
vt 0.050000 0.100000
vt 0.100000 0.100000
vt 0.150000 0.100000
vt 0.200000 0.100000
vt 0.250000 0.100000
vt 0.300000 0.100000
vt 0.350000 0.100000
vt 0.400000 0.100000
vt 0.450000 0.100000
vt 0.500000 0.100000
vt 0.550000 0.100000
vt 0.600000 0.100000
vt 0.650000 0.100000
vt 0.700000 0.100000
vt 0.750000 0.100000
vt 0.800000 0.100000
vt 0.850000 0.100000
vt 0.900000 0.100000
vt 0.950000 0.100000
vt 1.000000 0.100000
vt 0.000000 0.150000
vt 0.050000 0.150000
vt 0.100000 0.150000
vt 0.150000 0.150000
vt 0.200000 0.150000
vt 0.250000 0.150000
vt 0.300000 0.150000
vt 0.350000 0.150000
vt 0.400000 0.150000
vt 0.450000 0.150000
vt 0.500000 0.150000
vt 0.550000 0.150000
vt 0.600000 0.150000
vt 0.650000 0.150000
vt 0.700000 0.150000
vt 0.750000 0.150000
vt 0.800000 0.150000
vt 0.850000 0.150000
vt 0.900000 0.150000
vt 0.950000 0.150000
vt 1.000000 0.150000
vt 0.000000 0.200000
vt 0.050000 0.200000
vt 0.100000 0.200000
vt 0.150000 0.200000
vt 0.200000 0.200000
vt 0.250000 0.200000
vt 0.300000 0.200000
vt 0.350000 0.200000
vt 0.400000 0.200000
vt 0.450000 0.200000
vt 0.500000 0.200000
vt 0.550000 0.200000
vt 0.600000 0.200000
vt 0.650000 0.200000
vt 0.700000 0.200000
vt 0.750000 0.200000
vt 0.800000 0.200000
vt 0.850000 0.200000
vt 0.900000 0.200000
vt 0.950000 0.200000
vt 1.000000 0.200000
vt 0.000000 0.250000
vt 0.050000 0.250000
vt 0.100000 0.250000
vt 0.150000 0.250000
vt 0.200000 0.250000
vt 0.250000 0.250000
vt 0.300000 0.250000
vt 0.350000 0.250000
vt 0.400000 0.250000
vt 0.450000 0.250000
vt 0.500000 0.250000
vt 0.550000 0.250000
vt 0.600000 0.250000
vt 0.650000 0.250000
vt 0.700000 0.250000
vt 0.750000 0.250000
vt 0.800000 0.250000
vt 0.850000 0.250000
vt 0.900000 0.250000
vt 0.950000 0.250000
vt 1.000000 0.250000
vt 0.000000 0.300000
vt 0.050000 0.300000
vt 0.100000 0.300000
vt 0.150000 0.300000
vt 0.200000 0.300000
vt 0.250000 0.300000
vt 0.300000 0.300000
vt 0.350000 0.300000
vt 0.400000 0.300000
vt 0.450000 0.300000
vt 0.500000 0.300000
vt 0.550000 0.300000
vt 0.600000 0.300000
vt 0.650000 0.300000
vt 0.700000 0.300000
vt 0.750000 0.300000
vt 0.800000 0.300000
vt 0.850000 0.300000
vt 0.900000 0.300000
vt 0.950000 0.300000
vt 1.000000 0.300000
vt 0.000000 0.350000
vt 0.050000 0.350000
vt 0.100000 0.350000
vt 0.150000 0.350000
vt 0.200000 0.350000
vt 0.250000 0.350000
vt 0.300000 0.350000
vt 0.350000 0.350000
vt 0.400000 0.350000
vt 0.450000 0.350000
vt 0.500000 0.350000
vt 0.550000 0.350000
vt 0.600000 0.350000
vt 0.650000 0.350000
vt 0.700000 0.350000
vt 0.750000 0.350000
vt 0.800000 0.350000
vt 0.850000 0.350000
vt 0.900000 0.350000
vt 0.950000 0.350000
vt 1.000000 0.350000
vt 0.000000 0.400000
vt 0.050000 0.400000
vt 0.100000 0.400000
vt 0.150000 0.400000
vt 0.200000 0.400000
vt 0.250000 0.400000
vt 0.300000 0.400000
vt 0.350000 0.400000
vt 0.400000 0.400000
vt 0.450000 0.400000
vt 0.500000 0.400000
vt 0.550000 0.400000
vt 0.600000 0.400000
vt 0.650000 0.400000
vt 0.700000 0.400000
vt 0.750000 0.400000
vt 0.800000 0.400000
vt 0.850000 0.400000
vt 0.900000 0.400000
vt 0.950000 0.400000
vt 1.000000 0.400000
vt 0.000000 0.450000
vt 0.050000 0.450000
vt 0.100000 0.450000
vt 0.150000 0.450000
vt 0.200000 0.450000
vt 0.250000 0.450000
vt 0.300000 0.450000
vt 0.350000 0.450000
vt 0.400000 0.450000
vt 0.450000 0.450000
vt 0.500000 0.450000
vt 0.550000 0.450000
vt 0.600000 0.450000
vt 0.650000 0.450000
vt 0.700000 0.450000
vt 0.750000 0.450000
vt 0.800000 0.450000
vt 0.850000 0.450000
vt 0.900000 0.450000
vt 0.950000 0.450000
vt 1.000000 0.450000
vt 0.000000 0.500000
vt 0.050000 0.500000
vt 0.100000 0.500000
vt 0.150000 0.500000
vt 0.200000 0.500000
vt 0.250000 0.500000
vt 0.300000 0.500000
vt 0.350000 0.500000
vt 0.400000 0.500000
vt 0.450000 0.500000
vt 0.500000 0.500000
vt 0.550000 0.500000
vt 0.600000 0.500000
vt 0.650000 0.500000
vt 0.700000 0.500000
vt 0.750000 0.500000
vt 0.800000 0.500000
vt 0.850000 0.500000
vt 0.900000 0.500000
vt 0.950000 0.500000
vt 1.000000 0.500000
vt 0.025000 0.000000
vt 0.075000 0.000000
vt 0.125000 0.000000
vt 0.175000 0.000000
vt 0.225000 0.000000
vt 0.275000 0.000000
vt 0.325000 0.000000
vt 0.375000 0.000000
vt 0.425000 0.000000
vt 0.475000 0.000000
vt 0.525000 0.000000
vt 0.575000 0.000000
vt 0.625000 0.000000
vt 0.675000 0.000000
vt 0.725000 0.000000
vt 0.775000 0.000000
vt 0.825000 0.000000
vt 0.875000 0.000000
vt 0.925000 0.000000
vt 0.975000 0.000000
vt 0.000000 0.000000
vt 1.000000 0.000000
vt 1.000000 1.000000
vt 0.000000 1.000000
vt 0.000000 0.000000
vt 1.000000 0.000000
vt 1.000000 1.000000
vt 0.000000 1.000000
vt 0.000000 0.000000
vt 1.000000 0.000000
vt 1.000000 1.000000
vt 0.000000 1.000000
vt 0.000000 0.000000
vt 1.000000 0.000000
vt 1.000000 1.000000
vt 0.000000 1.000000
vt 0.000000 0.000000
vt 1.000000 0.000000
vt 1.000000 1.000000
vt 0.000000 1.000000
vt 0.000000 0.000000
vt 1.000000 0.000000
vt 1.000000 1.000000
vt 0.000000 1.000000
vt 0.000000 0.000000
vt 1.000000 0.000000
vt 1.000000 1.000000
vt 0.000000 1.000000
vt 0.000000 0.000000
vt 1.000000 0.000000
vt 1.000000 1.000000
vt 0.000000 1.000000
vt 0.000000 0.000000
vt 1.000000 0.000000
vt 1.000000 1.000000
vt 0.000000 1.000000
vt 0.000000 0.000000
vt 1.000000 0.000000
vt 1.000000 1.000000
vt 0.000000 1.000000
vt 0.000000 0.000000
vt 1.000000 0.000000
vt 1.000000 1.000000
vt 0.000000 1.000000
vt 0.000000 0.000000
vt 1.000000 0.000000
vt 1.000000 1.000000
vt 0.000000 1.000000
vt 0.000000 0.000000
vt 1.000000 0.000000
vt 1.000000 1.000000
vt 0.000000 1.000000
vt 0.000000 0.000000
vt 1.000000 0.000000
vt 1.000000 1.000000
vt 0.000000 1.000000
vt 0.000000 0.000000
vt 1.000000 0.000000
vt 1.000000 1.000000
vt 0.000000 1.000000
vt 0.000000 0.000000
vt 1.000000 0.000000
vt 1.000000 1.000000
vt 0.000000 1.000000
vt 0.000000 0.000000
vt 1.000000 0.000000
vt 1.000000 1.000000
vt 0.000000 1.000000
vt 0.000000 0.000000
vt 1.000000 0.000000
vt 1.000000 1.000000
vt 0.000000 1.000000
vt 0.000000 0.000000
vt 1.000000 0.000000
vt 1.000000 1.000000
vt 0.000000 1.000000
vt 0.000000 0.000000
vt 1.000000 0.000000
vt 1.000000 1.000000
vt 0.000000 1.000000
vt 0.000000 0.000000
vt 1.000000 0.000000
vt 1.000000 1.000000
vt 0.000000 1.000000
vt 0.000000 0.000000
vt 1.000000 0.000000
vt 1.000000 1.000000
vt 0.000000 1.000000
vt 0.000000 0.000000
vt 1.000000 0.000000
vt 1.000000 1.000000
vt 0.000000 1.000000
vt 0.000000 0.000000
vt 1.000000 0.000000
vt 1.000000 1.000000
vt 0.000000 1.000000
vt 0.000000 0.000000
vt 1.000000 0.000000
vt 1.000000 1.000000
vt 0.000000 1.000000
vt 0.000000 0.000000
vt 1.000000 0.000000
vt 1.000000 1.000000
vt 0.000000 1.000000
vt 0.000000 0.000000
vt 1.000000 0.000000
vt 1.000000 1.000000
vt 0.000000 1.000000
vt 0.000000 0.000000
vt 1.000000 0.000000
vt 1.000000 1.000000
vt 0.000000 1.000000
vt 0.000000 0.000000
vt 1.000000 0.000000
vt 1.000000 1.000000
vt 0.000000 1.000000
vt 0.000000 0.000000
vt 1.000000 0.000000
vt 1.000000 1.000000
vt 0.000000 1.000000
vt 0.000000 0.000000
vt 1.000000 0.000000
vt 1.000000 1.000000
vt 0.000000 1.000000
vt 0.000000 0.000000
vt 1.000000 0.000000
vt 1.000000 1.000000
vt 0.000000 1.000000
vt 0.000000 0.000000
vt 1.000000 0.000000
vt 1.000000 1.000000
vt 0.000000 1.000000
vt 0.000000 0.000000
vt 1.000000 0.000000
vt 1.000000 1.000000
vt 0.000000 1.000000
vt 0.000000 0.000000
vt 1.000000 0.000000
vt 1.000000 1.000000
vt 0.000000 1.000000
vt 0.000000 0.000000
vt 1.000000 0.000000
vt 1.000000 1.000000
vt 0.000000 1.000000
vt 0.000000 0.000000
vt 1.000000 0.000000
vt 1.000000 1.000000
vt 0.000000 1.000000
vt 0.000000 0.000000
vt 1.000000 0.000000
vt 1.000000 1.000000
vt 0.000000 1.000000
vt 0.000000 0.000000
vt 1.000000 0.000000
vt 1.000000 1.000000
vt 0.000000 1.000000
vt 0.000000 0.000000
vt 1.000000 0.000000
vt 1.000000 1.000000
vt 0.000000 1.000000
vt 0.000000 0.000000
vt 1.000000 0.000000
vt 1.000000 1.000000
vt 0.000000 1.000000
vt 0.000000 0.000000
vt 1.000000 0.000000
vt 1.000000 1.000000
vt 0.000000 1.000000
vt 0.000000 0.000000
vt 1.000000 0.000000
vt 1.000000 1.000000
vt 0.000000 1.000000
vt 0.000000 0.000000
vt 1.000000 0.000000
vt 1.000000 1.000000
vt 0.000000 1.000000
vt 0.000000 0.000000
vt 1.000000 0.000000
vt 1.000000 1.000000
vt 0.000000 1.000000
vt 0.000000 0.000000
vt 1.000000 0.000000
vt 1.000000 1.000000
vt 0.000000 1.000000
vt 0.000000 0.000000
vt 1.000000 0.000000
vt 1.000000 1.000000
vt 0.000000 1.000000
vt 0.000000 0.000000
vt 1.000000 0.000000
vt 1.000000 1.000000
vt 0.000000 1.000000
vt 0.000000 0.000000
vt 1.000000 0.000000
vt 1.000000 1.000000
vt 0.000000 1.000000
vt 0.000000 0.000000
vt 1.000000 0.000000
vt 1.000000 1.000000
vt 0.000000 1.000000
vt 0.000000 0.000000
vt 1.000000 0.000000
vt 1.000000 1.000000
vt 0.000000 1.000000
vt 0.000000 0.000000
vt 1.000000 0.000000
vt 1.000000 1.000000
vt 0.000000 1.000000
vt 0.000000 0.000000
vt 1.000000 0.000000
vt 1.000000 1.000000
vt 0.000000 1.000000
vt 0.000000 0.000000
vt 1.000000 0.000000
vt 1.000000 1.000000
vt 0.000000 1.000000
vt 0.000000 0.000000
vt 1.000000 0.000000
vt 1.000000 1.000000
vt 0.000000 1.000000
vt 0.000000 0.000000
vt 1.000000 0.000000
vt 1.000000 1.000000
vt 0.000000 1.000000
vt 0.000000 0.000000
vt 1.000000 0.000000
vt 1.000000 1.000000
vt 0.000000 1.000000
vt 0.000000 0.000000
vt 1.000000 0.000000
vt 1.000000 1.000000
vt 0.000000 1.000000
vt 0.000000 0.000000
vt 1.000000 0.000000
vt 1.000000 1.000000
vt 0.000000 1.000000
vt 0.000000 0.000000
vt 1.000000 0.000000
vt 1.000000 1.000000
vt 0.000000 1.000000
vt 0.000000 0.000000
vt 1.000000 0.000000
vt 1.000000 1.000000
vt 0.000000 1.000000
vt 0.000000 0.000000
vt 1.000000 0.000000
vt 1.000000 1.000000
vt 0.000000 1.000000
vt 0.000000 0.000000
vt 1.000000 0.000000
vt 1.000000 1.000000
vt 0.000000 1.000000
vt 0.000000 0.000000
vt 1.000000 0.000000
vt 1.000000 1.000000
vt 0.000000 1.000000
vt 0.000000 0.000000
vt 1.000000 0.000000
vt 1.000000 1.000000
vt 0.000000 1.000000
vt 0.000000 0.000000
vt 1.000000 0.000000
vt 1.000000 1.000000
vt 0.000000 1.000000
vt 0.000000 0.000000
vt 1.000000 0.000000
vt 1.000000 1.000000
vt 0.000000 1.000000
vt 0.000000 0.000000
vt 1.000000 0.000000
vt 1.000000 1.000000
vt 0.000000 1.000000
vt 0.000000 0.000000
vt 1.000000 0.000000
vt 1.000000 1.000000
vt 0.000000 1.000000
vt 0.000000 0.000000
vt 1.000000 0.000000
vt 1.000000 1.000000
vt 0.000000 1.000000
vt 0.000000 0.000000
vt 1.000000 0.000000
vt 1.000000 1.000000
vt 0.000000 1.000000
vt 0.000000 0.000000
vt 1.000000 0.000000
vt 1.000000 1.000000
vt 0.000000 1.000000
vt 0.000000 0.000000
vt 1.000000 0.000000
vt 1.000000 1.000000
vt 0.000000 1.000000
vt 0.000000 0.000000
vt 1.000000 0.000000
vt 1.000000 1.000000
vt 0.000000 1.000000
vt 0.000000 0.000000
vt 1.000000 0.000000
vt 1.000000 1.000000
vt 0.000000 1.000000
vt 0.000000 0.000000
vt 1.000000 0.000000
vt 1.000000 1.000000
vt 0.000000 1.000000
vt 0.000000 0.000000
vt 1.000000 0.000000
vt 1.000000 1.000000
vt 0.000000 1.000000
vt 0.000000 0.000000
vt 1.000000 0.000000
vt 1.000000 1.000000
vt 0.000000 1.000000
vt 0.000000 0.000000
vt 1.000000 0.000000
vt 1.000000 1.000000
vt 0.000000 1.000000
vt 0.000000 0.000000
vt 1.000000 0.000000
vt 1.000000 1.000000
vt 0.000000 1.000000
vt 0.000000 0.000000
vt 1.000000 0.000000
vt 1.000000 1.000000
vt 0.000000 1.000000
vt 0.000000 0.000000
vt 1.000000 0.000000
vt 1.000000 1.000000
vt 0.000000 1.000000
vt 0.000000 0.000000
vt 1.000000 0.000000
vt 1.000000 1.000000
vt 0.000000 1.000000
vt 0.000000 0.000000
vt 1.000000 0.000000
vt 1.000000 1.000000
vt 0.000000 1.000000
vt 0.000000 0.000000
vt 1.000000 0.000000
vt 1.000000 1.000000
vt 0.000000 1.000000
vt 0.000000 0.000000
vt 1.000000 0.000000
vt 1.000000 1.000000
vt 0.000000 1.000000
vt 0.000000 0.000000
vt 1.000000 0.000000
vt 1.000000 1.000000
vt 0.000000 1.000000
vt 0.000000 0.000000
vt 1.000000 0.000000
vt 1.000000 1.000000
vt 0.000000 1.000000
vt 0.000000 0.000000
vt 1.000000 0.000000
vt 1.000000 1.000000
vt 0.000000 1.000000
vt 0.000000 0.000000
vt 1.000000 0.000000
vt 1.000000 1.000000
vt 0.000000 1.000000
vt 0.000000 0.000000
vt 1.000000 0.000000
vt 1.000000 1.000000
vt 0.000000 1.000000
vt 0.000000 0.000000
vt 1.000000 0.000000
vt 1.000000 1.000000
vt 0.000000 1.000000
vt 0.000000 0.000000
vt 1.000000 0.000000
vt 1.000000 1.000000
vt 0.000000 1.000000
vt 0.000000 0.000000
vt 1.000000 0.000000
vt 1.000000 1.000000
vt 0.000000 1.000000
vt 0.000000 0.000000
vt 1.000000 0.000000
vt 1.000000 1.000000
vt 0.000000 1.000000
vt 0.000000 0.000000
vt 1.000000 0.000000
vt 1.000000 1.000000
vt 0.000000 1.000000
vt 0.000000 0.000000
vt 1.000000 0.000000
vt 1.000000 1.000000
vt 0.000000 1.000000
vt 0.000000 0.000000
vt 1.000000 0.000000
vt 1.000000 1.000000
vt 0.000000 1.000000
vt 0.000000 0.000000
vt 1.000000 0.000000
vt 1.000000 1.000000
vt 0.000000 1.000000
vt 0.000000 0.000000
vt 1.000000 0.000000
vt 1.000000 1.000000
vt 0.000000 1.000000
vt 0.000000 0.000000
vt 1.000000 0.000000
vt 1.000000 1.000000
vt 0.000000 1.000000
vt 0.000000 0.000000
vt 1.000000 0.000000
vt 1.000000 1.000000
vt 0.000000 1.000000
vt 0.000000 0.000000
vt 1.000000 0.000000
vt 1.000000 1.000000
vt 0.000000 1.000000
vt 0.000000 0.000000
vt 1.000000 0.000000
vt 1.000000 1.000000
vt 0.000000 1.000000
vt 0.000000 0.000000
vt 1.000000 0.000000
vt 1.000000 1.000000
vt 0.000000 1.000000
vt 0.000000 0.000000
vt 1.000000 0.000000
vt 1.000000 1.000000
vt 0.000000 1.000000
vt 0.000000 0.000000
vt 1.000000 0.000000
vt 1.000000 1.000000
vt 0.000000 1.000000
vt 0.000000 0.000000
vt 1.000000 0.000000
vt 1.000000 1.000000
vt 0.000000 1.000000
vt 0.000000 0.000000
vt 1.000000 0.000000
vt 1.000000 1.000000
vt 0.000000 1.000000
vt 0.000000 0.000000
vt 1.000000 0.000000
vt 1.000000 1.000000
vt 0.000000 1.000000
vt 0.000000 0.000000
vt 1.000000 0.000000
vt 1.000000 1.000000
vt 0.000000 1.000000
vt 0.000000 0.000000
vt 1.000000 0.000000
vt 1.000000 1.000000
vt 0.000000 1.000000
vt 0.000000 0.000000
vt 1.000000 0.000000
vt 1.000000 1.000000
vt 0.000000 1.000000
vt 0.000000 0.000000
vt 1.000000 0.000000
vt 1.000000 1.000000
vt 0.000000 1.000000
vt 0.000000 0.000000
vt 1.000000 0.000000
vt 1.000000 1.000000
vt 0.000000 1.000000
vt 0.000000 0.000000
vt 1.000000 0.000000
vt 1.000000 1.000000
vt 0.000000 1.000000
vt 0.000000 0.000000
vt 1.000000 0.000000
vt 1.000000 1.000000
vt 0.000000 1.000000
vt 0.000000 0.000000
vt 1.000000 0.000000
vt 1.000000 1.000000
vt 0.000000 1.000000
vt 0.000000 0.000000
vt 1.000000 0.000000
vt 1.000000 1.000000
vt 0.000000 1.000000
vt 0.000000 0.000000
vt 1.000000 0.000000
vt 1.000000 1.000000
vt 0.000000 1.000000
vn 0.190555 -0.979722 -0.061915
vn 0.162095 -0.979722 -0.117769
vn 0.269870 -0.942723 -0.196073
vn 0.317252 -0.942723 -0.103081
vn 0.117769 -0.979722 -0.162096
vn 0.196071 -0.942723 -0.269870
vn 0.061916 -0.979722 -0.190555
vn 0.103081 -0.942723 -0.317251
vn 0.000000 -0.979722 -0.200363
vn 0.000000 -0.942723 -0.333577
vn -0.061916 -0.979722 -0.190555
vn -0.103081 -0.942723 -0.317251
vn -0.117769 -0.979722 -0.162095
vn -0.196071 -0.942723 -0.269870
vn -0.162095 -0.979722 -0.117769
vn -0.269870 -0.942723 -0.196073
vn -0.190555 -0.979722 -0.061915
vn -0.317252 -0.942722 -0.103081
vn -0.200362 -0.979722 -0.000000
vn -0.333578 -0.942722 -0.000000
vn -0.190555 -0.979722 0.061915
vn -0.317252 -0.942722 0.103081
vn -0.162095 -0.979722 0.117769
vn -0.269869 -0.942723 0.196073
vn -0.117769 -0.979722 0.162095
vn -0.196072 -0.942722 0.269871
vn -0.061916 -0.979722 0.190555
vn -0.103082 -0.942723 0.317251
vn 0.000000 -0.979722 0.200363
vn 0.000000 -0.942723 0.333577
vn 0.061916 -0.979722 0.190555
vn 0.103082 -0.942723 0.317251
vn 0.117769 -0.979722 0.162095
vn 0.196072 -0.942722 0.269871
vn 0.162095 -0.979722 0.117769
vn 0.269869 -0.942723 0.196074
vn 0.190555 -0.979722 0.061916
vn 0.317252 -0.942723 0.103081
vn 0.200362 -0.979722 0.000001
vn 0.333578 -0.942722 0.000000
vn 0.380846 -0.882266 -0.276701
vn 0.447712 -0.882266 -0.145470
vn 0.276700 -0.882266 -0.380847
vn 0.145470 -0.882266 -0.447712
vn 0.000000 -0.882266 -0.470751
vn -0.145470 -0.882266 -0.447712
vn -0.276700 -0.882266 -0.380848
vn -0.380846 -0.882266 -0.276701
vn -0.447711 -0.882266 -0.145470
vn -0.470752 -0.882266 0.000000
vn -0.447712 -0.882266 0.145470
vn -0.380845 -0.882266 0.276702
vn -0.276700 -0.882266 0.380847
vn -0.145472 -0.882266 0.447711
vn -0.000000 -0.882266 0.470751
vn 0.145472 -0.882266 0.447711
vn 0.276700 -0.882266 0.380847
vn 0.380845 -0.882266 0.276702
vn 0.447712 -0.882266 0.145470
vn 0.470752 -0.882266 0.000001
vn 0.485139 -0.800251 -0.352475
vn 0.570315 -0.800252 -0.185306
vn 0.352473 -0.800251 -0.485140
vn 0.185308 -0.800251 -0.570315
vn 0.000000 -0.800251 -0.599665
vn -0.185308 -0.800251 -0.570315
vn -0.352474 -0.800251 -0.485140
vn -0.485139 -0.800251 -0.352474
vn -0.570315 -0.800251 -0.185306
vn -0.599664 -0.800252 0.000000
vn -0.570315 -0.800251 0.185307
vn -0.485138 -0.800252 0.352475
vn -0.352473 -0.800252 0.485140
vn -0.185308 -0.800252 0.570314
vn -0.000000 -0.800251 0.599665
vn 0.185308 -0.800252 0.570314
vn 0.352473 -0.800252 0.485139
vn 0.485139 -0.800251 0.352474
vn 0.570315 -0.800251 0.185306
vn 0.599665 -0.800251 0.000001
vn 0.578713 -0.698788 -0.420460
vn 0.680318 -0.698788 -0.221047
vn 0.420458 -0.698789 -0.578712
vn 0.221049 -0.698791 -0.680315
vn 0.000000 -0.698791 -0.715326
vn -0.221049 -0.698790 -0.680315
vn -0.420459 -0.698789 -0.578712
vn -0.578713 -0.698788 -0.420460
vn -0.680318 -0.698788 -0.221048
vn -0.715328 -0.698788 -0.000000
vn -0.680318 -0.698788 0.221048
vn -0.578713 -0.698788 0.420460
vn -0.420459 -0.698789 0.578713
vn -0.221049 -0.698788 0.680318
vn -0.000000 -0.698787 0.715330
vn 0.221049 -0.698788 0.680318
vn 0.420459 -0.698788 0.578713
vn 0.578713 -0.698788 0.420460
vn 0.680318 -0.698788 0.221048
vn 0.715329 -0.698788 0.000001
vn 0.658808 -0.580401 -0.478651
vn 0.774475 -0.580401 -0.251642
vn 0.478652 -0.580403 -0.658806
vn 0.251642 -0.580403 -0.774473
vn 0.000000 -0.580403 -0.814330
vn -0.251643 -0.580402 -0.774473
vn -0.478652 -0.580401 -0.658807
vn -0.658808 -0.580401 -0.478652
vn -0.774475 -0.580401 -0.251642
vn -0.814331 -0.580401 -0.000000
vn -0.774475 -0.580401 0.251642
vn -0.658808 -0.580400 0.478652
vn -0.478651 -0.580400 0.658809
vn -0.251643 -0.580400 0.774475
vn 0.000000 -0.580401 0.814331
vn 0.251643 -0.580400 0.774475
vn 0.478651 -0.580400 0.658809
vn 0.658808 -0.580400 0.478652
vn 0.774475 -0.580401 0.251642
vn 0.814331 -0.580401 0.000001
vn 0.723292 -0.447993 -0.525501
vn 0.850280 -0.447993 -0.276272
vn 0.525502 -0.447994 -0.723290
vn 0.276272 -0.447992 -0.850281
vn 0.000000 -0.447990 -0.894039
vn -0.276274 -0.447992 -0.850280
vn -0.525503 -0.447994 -0.723290
vn -0.723291 -0.447994 -0.525501
vn -0.850280 -0.447993 -0.276273
vn -0.894037 -0.447994 0.000000
vn -0.850280 -0.447993 0.276273
vn -0.723291 -0.447992 0.525502
vn -0.525502 -0.447993 0.723292
vn -0.276274 -0.447994 0.850279
vn 0.000000 -0.447995 0.894036
vn 0.276274 -0.447994 0.850279
vn 0.525502 -0.447993 0.723291
vn 0.723291 -0.447993 0.525502
vn 0.850280 -0.447993 0.276273
vn 0.894037 -0.447993 0.000001
vn 0.770525 -0.304789 -0.559817
vn 0.905805 -0.304789 -0.294313
vn 0.559819 -0.304787 -0.770524
vn 0.294313 -0.304786 -0.905806
vn 0.000000 -0.304786 -0.952421
vn -0.294314 -0.304787 -0.905806
vn -0.559819 -0.304789 -0.770524
vn -0.770524 -0.304790 -0.559818
vn -0.905805 -0.304790 -0.294313
vn -0.952420 -0.304789 0.000000
vn -0.905805 -0.304790 0.294313
vn -0.770523 -0.304790 0.559819
vn -0.559818 -0.304790 0.770523
vn -0.294315 -0.304790 0.905805
vn 0.000000 -0.304789 0.952420
vn 0.294315 -0.304790 0.905805
vn 0.559819 -0.304790 0.770523
vn 0.770524 -0.304790 0.559818
vn 0.905805 -0.304789 0.294314
vn 0.952420 -0.304789 0.000001
vn 0.799335 -0.154250 -0.580751
vn 0.939674 -0.154249 -0.305319
vn 0.580751 -0.154249 -0.799335
vn 0.305318 -0.154249 -0.939674
vn 0.000000 -0.154250 -0.988032
vn -0.305319 -0.154248 -0.939674
vn -0.580751 -0.154247 -0.799335
vn -0.799334 -0.154249 -0.580751
vn -0.939674 -0.154249 -0.305319
vn -0.988032 -0.154249 0.000000
vn -0.939674 -0.154249 0.305319
vn -0.799334 -0.154250 0.580751
vn -0.580750 -0.154249 0.799335
vn -0.305319 -0.154248 0.939674
vn -0.000000 -0.154247 0.988032
vn 0.305319 -0.154247 0.939674
vn 0.580750 -0.154249 0.799335
vn 0.799334 -0.154250 0.580751
vn 0.939674 -0.154249 0.305319
vn 0.988032 -0.154249 0.000001
vn 0.809014 -0.003276 -0.587781
vn 0.951052 -0.003276 -0.309014
vn 0.587781 -0.003276 -0.809014
vn 0.309015 -0.003276 -0.951052
vn 0.000000 -0.003276 -0.999995
vn -0.309018 -0.003276 -0.951051
vn -0.587781 -0.003276 -0.809013
vn -0.809012 -0.003276 -0.587783
vn -0.951052 -0.003276 -0.309015
vn -0.999995 -0.003276 0.000000
vn -0.951052 -0.003276 0.309015
vn -0.809012 -0.003276 0.587783
vn -0.587781 -0.003276 0.809013
vn -0.309015 -0.003276 0.951052
vn 0.000000 -0.003276 0.999995
vn 0.309015 -0.003276 0.951052
vn 0.587781 -0.003276 0.809013
vn 0.809012 -0.003276 0.587783
vn 0.951052 -0.003276 0.309015
vn 0.999995 -0.003276 0.000001
vn 0.000000 -1.000000 0.000000
vn 0.809018 0.000000 -0.587784
vn 0.951057 0.000000 -0.309016
vn 0.587784 0.000000 -0.809018
vn 0.309017 0.000000 -0.951057
vn 0.000000 0.000000 -1.000000
vn -0.309020 0.000000 -0.951056
vn -0.587784 0.000000 -0.809018
vn -0.809017 0.000000 -0.587786
vn -0.951057 0.000000 -0.309017
vn -1.000000 0.000000 0.000000
vn -0.951057 0.000000 0.309017
vn -0.809017 0.000000 0.587786
vn -0.587784 0.000000 0.809018
vn -0.309017 0.000000 0.951057
vn 0.000000 0.000000 1.000000
vn 0.309017 0.000000 0.951057
vn 0.587784 0.000000 0.809018
vn 0.809017 0.000000 0.587786
vn 0.951057 0.000000 0.309017
vn 1.000000 0.000000 0.000001
vn 0.000000 1.000000 0.000000
vn 0.000000 1.000000 0.000000
vn 0.000000 1.000000 0.000000
vn 0.000000 1.000000 0.000000
vn 0.000000 1.000000 -0.000001
vn 0.000000 1.000000 -0.000001
vn 0.000000 1.000000 -0.000000
vn 0.000000 1.000000 -0.000000
vn 0.000000 1.000000 0.000000
vn 0.000000 1.000000 0.000000
vn 0.000000 1.000000 0.000000
vn 0.000000 1.000000 0.000000
vn 0.000000 1.000000 0.000000
vn 0.000000 1.000000 0.000000
vn 0.000000 1.000000 0.000000
vn 0.000000 1.000000 0.000000
vn 0.000000 1.000000 0.000000
vn 0.000000 1.000000 0.000000
vn 0.000000 1.000000 0.000000
vn 0.000000 1.000000 0.000000
vn 0.000000 1.000000 -0.000001
vn 0.000000 1.000000 -0.000001
vn 0.000000 1.000000 -0.000001
vn 0.000000 1.000000 -0.000001
vn 0.000000 1.000000 0.000000
vn 0.000000 1.000000 0.000000
vn 0.000000 1.000000 -0.000000
vn 0.000000 1.000000 -0.000000
vn 0.000000 1.000000 -0.000000
vn 0.000000 1.000000 -0.000000
vn 0.000000 1.000000 -0.000001
vn 0.000000 1.000000 -0.000001
vn 0.000000 1.000000 -0.000001
vn 0.000000 1.000000 -0.000001
vn 0.000000 1.000000 0.000000
vn 0.000000 1.000000 0.000000
vn 0.000000 1.000000 0.000000
vn 0.000000 1.000000 0.000000
vn 0.000000 1.000000 0.000000
vn 0.000000 1.000000 0.000000
vn 0.951057 0.000000 -0.309016
vn 0.809017 0.000000 -0.587785
vn 0.809017 0.000000 -0.587785
vn 0.951057 0.000000 -0.309016
vn 0.587784 0.000000 -0.809018
vn 0.587784 0.000000 -0.809018
vn 0.309017 0.000000 -0.951056
vn 0.309017 0.000000 -0.951056
vn 0.000000 0.000000 -1.000000
vn 0.000000 0.000000 -1.000000
vn -0.309017 0.000000 -0.951056
vn -0.309017 0.000000 -0.951056
vn -0.587784 0.000000 -0.809018
vn -0.587784 0.000000 -0.809018
vn -0.809017 0.000000 -0.587785
vn -0.809017 0.000000 -0.587785
vn -0.951057 0.000000 -0.309017
vn -0.951057 0.000000 -0.309017
vn -1.000000 0.000000 0.000000
vn -1.000000 0.000000 0.000000
vn -0.951057 0.000000 0.309017
vn -0.951057 0.000000 0.309017
vn -0.809017 0.000000 0.587785
vn -0.809017 0.000000 0.587785
vn -0.587784 0.000000 0.809018
vn -0.587784 0.000000 0.809018
vn -0.309013 0.000000 0.951058
vn -0.309013 0.000000 0.951058
vn 0.000000 0.000000 1.000000
vn 0.000000 0.000000 1.000000
vn 0.309013 0.000000 0.951058
vn 0.309013 0.000000 0.951058
vn 0.587784 0.000000 0.809018
vn 0.587784 0.000000 0.809018
vn 0.809017 0.000000 0.587785
vn 0.809017 0.000000 0.587785
vn 0.951057 0.000000 0.309017
vn 0.951057 0.000000 0.309017
vn 1.000000 0.000000 0.000001
vn 1.000000 0.000000 0.000001
vn 0.000000 -1.000000 0.000000
vn 0.000000 -1.000000 0.000001
vn 0.000000 -1.000000 0.000001
vn 0.000000 -1.000000 0.000000
vn 0.000000 -1.000000 0.000001
vn 0.000000 -1.000000 0.000001
vn 0.000000 -1.000000 0.000000
vn 0.000000 -1.000000 0.000000
vn 0.000000 -1.000000 -0.000001
vn 0.000000 -1.000000 -0.000001
vn 0.000000 -1.000000 0.000001
vn 0.000000 -1.000000 0.000001
vn 0.000000 -1.000000 0.000001
vn 0.000000 -1.000000 0.000001
vn 0.000000 -1.000000 0.000001
vn 0.000000 -1.000000 0.000001
vn 0.000000 -1.000000 -0.000000
vn 0.000000 -1.000000 0.000000
vn 0.000000 -1.000000 0.000000
vn 0.000000 -1.000000 0.000000
vn 0.000000 -1.000000 0.000001
vn 0.000000 -1.000000 0.000001
vn 0.000000 -1.000000 0.000000
vn 0.000000 -1.000000 0.000000
vn 0.000000 -1.000000 -0.000001
vn 0.000000 -1.000000 -0.000001
vn 0.000000 -1.000000 -0.000002
vn 0.000000 -1.000000 -0.000002
vn 0.000000 -1.000000 -0.000002
vn 0.000000 -1.000000 -0.000002
vn 0.000000 -1.000000 -0.000002
vn 0.000000 -1.000000 -0.000002
vn 0.000000 -1.000000 0.000001
vn 0.000000 -1.000000 0.000001
vn 0.000000 -1.000000 0.000001
vn 0.000000 -1.000000 0.000001
vn 0.000000 -1.000000 -0.000001
vn 0.000000 -1.000000 -0.000001
vn 0.000000 -1.000000 0.000000
vn 0.000000 -1.000000 0.000000
vn 0.951057 0.000000 -0.309015
vn 0.809017 0.000000 -0.587785
vn 0.809017 0.000000 -0.587785
vn 0.951057 0.000000 -0.309015
vn 0.587783 0.000000 -0.809019
vn 0.587783 0.000000 -0.809019
vn 0.309017 0.000000 -0.951057
vn 0.309017 0.000000 -0.951057
vn 0.000000 0.000000 -1.000000
vn 0.000000 0.000000 -1.000000
vn -0.309017 0.000000 -0.951057
vn -0.309017 0.000000 -0.951057
vn -0.587783 0.000000 -0.809019
vn -0.587783 0.000000 -0.809019
vn -0.809017 0.000000 -0.587786
vn -0.809017 0.000000 -0.587786
vn -0.951057 0.000000 -0.309017
vn -0.951057 0.000000 -0.309017
vn -1.000000 0.000000 0.000000
vn -1.000000 0.000000 0.000000
vn -0.951057 0.000000 0.309017
vn -0.951057 0.000000 0.309017
vn -0.809017 0.000000 0.587786
vn -0.809017 0.000000 0.587786
vn -0.587785 0.000000 0.809017
vn -0.587785 0.000000 0.809017
vn -0.309013 0.000000 0.951058
vn -0.309013 0.000000 0.951058
vn 0.000000 0.000000 1.000000
vn 0.000000 0.000000 1.000000
vn 0.309014 0.000000 0.951058
vn 0.309014 0.000000 0.951058
vn 0.587786 0.000000 0.809017
vn 0.587786 0.000000 0.809017
vn 0.809017 0.000000 0.587785
vn 0.809017 0.000000 0.587785
vn 0.951057 0.000000 0.309017
vn 0.951057 0.000000 0.309017
vn 1.000000 0.000000 0.000001
vn 1.000000 0.000000 0.000001
vn 0.000000 1.000000 0.000002
vn 0.000000 1.000000 0.000002
vn 0.000000 1.000000 0.000002
vn 0.000000 1.000000 0.000002
vn 0.000000 1.000000 0.000000
vn 0.000000 1.000000 0.000000
vn 0.000000 1.000000 -0.000001
vn 0.000000 1.000000 -0.000001
vn 0.000000 1.000000 -0.000002
vn 0.000000 1.000000 -0.000002
vn 0.000000 1.000000 -0.000001
vn 0.000000 1.000000 -0.000001
vn 0.000000 1.000000 0.000000
vn 0.000000 1.000000 0.000000
vn 0.000000 1.000000 0.000002
vn 0.000000 1.000000 0.000002
vn 0.000000 1.000000 0.000002
vn 0.000000 1.000000 0.000002
vn 0.000000 1.000000 0.000000
vn 0.000000 1.000000 0.000000
vn 0.000000 1.000000 -0.000002
vn 0.000000 1.000000 -0.000002
vn 0.000000 1.000000 -0.000002
vn 0.000000 1.000000 -0.000002
vn 0.000000 1.000000 0.000002
vn 0.000000 1.000000 0.000002
vn 0.000000 1.000000 0.000002
vn 0.000000 1.000000 0.000002
vn 0.000000 1.000000 0.000001
vn 0.000000 1.000000 0.000001
vn 0.000000 1.000000 0.000002
vn 0.000000 1.000000 0.000002
vn 0.000000 1.000000 0.000001
vn 0.000000 1.000000 0.000001
vn 0.000000 1.000000 -0.000002
vn 0.000000 1.000000 -0.000002
vn 0.000000 1.000000 -0.000002
vn 0.000000 1.000000 -0.000002
vn 0.000000 1.000000 0.000000
vn 0.000000 1.000000 0.000000
s 1
g pSphere2
usemtl initialShadingGroup
f 322/711/422 323/712/423 343/733/424 342/732/425
f 323/712/423 324/713/426 344/734/427 343/733/424
f 324/713/426 325/714/428 345/735/429 344/734/427
f 325/714/428 326/715/430 346/736/431 345/735/429
f 326/715/430 327/716/432 347/737/433 346/736/431
f 327/716/432 328/717/434 348/738/435 347/737/433
f 328/717/434 329/718/436 349/739/437 348/738/435
f 329/718/436 330/719/438 350/740/439 349/739/437
f 330/719/438 331/720/440 351/741/441 350/740/439
f 331/720/440 332/721/442 352/742/443 351/741/441
f 332/721/442 333/722/444 353/743/445 352/742/443
f 333/722/444 334/723/446 354/744/447 353/743/445
f 334/723/446 335/724/448 355/745/449 354/744/447
f 335/724/448 336/725/450 356/746/451 355/745/449
f 336/725/450 337/726/452 357/747/453 356/746/451
f 337/726/452 338/727/454 358/748/455 357/747/453
f 338/727/454 339/728/456 359/749/457 358/748/455
f 339/728/456 340/729/458 360/750/459 359/749/457
f 340/729/458 341/730/460 361/751/461 360/750/459
f 341/730/460 322/731/422 342/752/425 361/751/461
f 342/732/425 343/733/424 363/754/462 362/753/463
f 343/733/424 344/734/427 364/755/464 363/754/462
f 344/734/427 345/735/429 365/756/465 364/755/464
f 345/735/429 346/736/431 366/757/466 365/756/465
f 346/736/431 347/737/433 367/758/467 366/757/466
f 347/737/433 348/738/435 368/759/468 367/758/467
f 348/738/435 349/739/437 369/760/469 368/759/468
f 349/739/437 350/740/439 370/761/470 369/760/469
f 350/740/439 351/741/441 371/762/471 370/761/470
f 351/741/441 352/742/443 372/763/472 371/762/471
f 352/742/443 353/743/445 373/764/473 372/763/472
f 353/743/445 354/744/447 374/765/474 373/764/473
f 354/744/447 355/745/449 375/766/475 374/765/474
f 355/745/449 356/746/451 376/767/476 375/766/475
f 356/746/451 357/747/453 377/768/477 376/767/476
f 357/747/453 358/748/455 378/769/478 377/768/477
f 358/748/455 359/749/457 379/770/479 378/769/478
f 359/749/457 360/750/459 380/771/480 379/770/479
f 360/750/459 361/751/461 381/772/481 380/771/480
f 361/751/461 342/752/425 362/773/463 381/772/481
f 362/753/463 363/754/462 383/775/482 382/774/483
f 363/754/462 364/755/464 384/776/484 383/775/482
f 364/755/464 365/756/465 385/777/485 384/776/484
f 365/756/465 366/757/466 386/778/486 385/777/485
f 366/757/466 367/758/467 387/779/487 386/778/486
f 367/758/467 368/759/468 388/780/488 387/779/487
f 368/759/468 369/760/469 389/781/489 388/780/488
f 369/760/469 370/761/470 390/782/490 389/781/489
f 370/761/470 371/762/471 391/783/491 390/782/490
f 371/762/471 372/763/472 392/784/492 391/783/491
f 372/763/472 373/764/473 393/785/493 392/784/492
f 373/764/473 374/765/474 394/786/494 393/785/493
f 374/765/474 375/766/475 395/787/495 394/786/494
f 375/766/475 376/767/476 396/788/496 395/787/495
f 376/767/476 377/768/477 397/789/497 396/788/496
f 377/768/477 378/769/478 398/790/498 397/789/497
f 378/769/478 379/770/479 399/791/499 398/790/498
f 379/770/479 380/771/480 400/792/500 399/791/499
f 380/771/480 381/772/481 401/793/501 400/792/500
f 381/772/481 362/773/463 382/794/483 401/793/501
f 382/774/483 383/775/482 403/796/502 402/795/503
f 383/775/482 384/776/484 404/797/504 403/796/502
f 384/776/484 385/777/485 405/798/505 404/797/504
f 385/777/485 386/778/486 406/799/506 405/798/505
f 386/778/486 387/779/487 407/800/507 406/799/506
f 387/779/487 388/780/488 408/801/508 407/800/507
f 388/780/488 389/781/489 409/802/509 408/801/508
f 389/781/489 390/782/490 410/803/510 409/802/509
f 390/782/490 391/783/491 411/804/511 410/803/510
f 391/783/491 392/784/492 412/805/512 411/804/511
f 392/784/492 393/785/493 413/806/513 412/805/512
f 393/785/493 394/786/494 414/807/514 413/806/513
f 394/786/494 395/787/495 415/808/515 414/807/514
f 395/787/495 396/788/496 416/809/516 415/808/515
f 396/788/496 397/789/497 417/810/517 416/809/516
f 397/789/497 398/790/498 418/811/518 417/810/517
f 398/790/498 399/791/499 419/812/519 418/811/518
f 399/791/499 400/792/500 420/813/520 419/812/519
f 400/792/500 401/793/501 421/814/521 420/813/520
f 401/793/501 382/794/483 402/815/503 421/814/521
f 402/795/503 403/796/502 423/817/522 422/816/523
f 403/796/502 404/797/504 424/818/524 423/817/522
f 404/797/504 405/798/505 425/819/525 424/818/524
f 405/798/505 406/799/506 426/820/526 425/819/525
f 406/799/506 407/800/507 427/821/527 426/820/526
f 407/800/507 408/801/508 428/822/528 427/821/527
f 408/801/508 409/802/509 429/823/529 428/822/528
f 409/802/509 410/803/510 430/824/530 429/823/529
f 410/803/510 411/804/511 431/825/531 430/824/530
f 411/804/511 412/805/512 432/826/532 431/825/531
f 412/805/512 413/806/513 433/827/533 432/826/532
f 413/806/513 414/807/514 434/828/534 433/827/533
f 414/807/514 415/808/515 435/829/535 434/828/534
f 415/808/515 416/809/516 436/830/536 435/829/535
f 416/809/516 417/810/517 437/831/537 436/830/536
f 417/810/517 418/811/518 438/832/538 437/831/537
f 418/811/518 419/812/519 439/833/539 438/832/538
f 419/812/519 420/813/520 440/834/540 439/833/539
f 420/813/520 421/814/521 441/835/541 440/834/540
f 421/814/521 402/815/503 422/836/523 441/835/541
f 422/816/523 423/817/522 443/838/542 442/837/543
f 423/817/522 424/818/524 444/839/544 443/838/542
f 424/818/524 425/819/525 445/840/545 444/839/544
f 425/819/525 426/820/526 446/841/546 445/840/545
f 426/820/526 427/821/527 447/842/547 446/841/546
f 427/821/527 428/822/528 448/843/548 447/842/547
f 428/822/528 429/823/529 449/844/549 448/843/548
f 429/823/529 430/824/530 450/845/550 449/844/549
f 430/824/530 431/825/531 451/846/551 450/845/550
f 431/825/531 432/826/532 452/847/552 451/846/551
f 432/826/532 433/827/533 453/848/553 452/847/552
f 433/827/533 434/828/534 454/849/554 453/848/553
f 434/828/534 435/829/535 455/850/555 454/849/554
f 435/829/535 436/830/536 456/851/556 455/850/555
f 436/830/536 437/831/537 457/852/557 456/851/556
f 437/831/537 438/832/538 458/853/558 457/852/557
f 438/832/538 439/833/539 459/854/559 458/853/558
f 439/833/539 440/834/540 460/855/560 459/854/559
f 440/834/540 441/835/541 461/856/561 460/855/560
f 441/835/541 422/836/523 442/857/543 461/856/561
f 442/837/543 443/838/542 463/859/562 462/858/563
f 443/838/542 444/839/544 464/860/564 463/859/562
f 444/839/544 445/840/545 465/861/565 464/860/564
f 445/840/545 446/841/546 466/862/566 465/861/565
f 446/841/546 447/842/547 467/863/567 466/862/566
f 447/842/547 448/843/548 468/864/568 467/863/567
f 448/843/548 449/844/549 469/865/569 468/864/568
f 449/844/549 450/845/550 470/866/570 469/865/569
f 450/845/550 451/846/551 471/867/571 470/866/570
f 451/846/551 452/847/552 472/868/572 471/867/571
f 452/847/552 453/848/553 473/869/573 472/868/572
f 453/848/553 454/849/554 474/870/574 473/869/573
f 454/849/554 455/850/555 475/871/575 474/870/574
f 455/850/555 456/851/556 476/872/576 475/871/575
f 456/851/556 457/852/557 477/873/577 476/872/576
f 457/852/557 458/853/558 478/874/578 477/873/577
f 458/853/558 459/854/559 479/875/579 478/874/578
f 459/854/559 460/855/560 480/876/580 479/875/579
f 460/855/560 461/856/561 481/877/581 480/876/580
f 461/856/561 442/857/543 462/878/563 481/877/581
f 462/858/563 463/859/562 483/880/582 482/879/583
f 463/859/562 464/860/564 484/881/584 483/880/582
f 464/860/564 465/861/565 485/882/585 484/881/584
f 465/861/565 466/862/566 486/883/586 485/882/585
f 466/862/566 467/863/567 487/884/587 486/883/586
f 467/863/567 468/864/568 488/885/588 487/884/587
f 468/864/568 469/865/569 489/886/589 488/885/588
f 469/865/569 470/866/570 490/887/590 489/886/589
f 470/866/570 471/867/571 491/888/591 490/887/590
f 471/867/571 472/868/572 492/889/592 491/888/591
f 472/868/572 473/869/573 493/890/593 492/889/592
f 473/869/573 474/870/574 494/891/594 493/890/593
f 474/870/574 475/871/575 495/892/595 494/891/594
f 475/871/575 476/872/576 496/893/596 495/892/595
f 476/872/576 477/873/577 497/894/597 496/893/596
f 477/873/577 478/874/578 498/895/598 497/894/597
f 478/874/578 479/875/579 499/896/599 498/895/598
f 479/875/579 480/876/580 500/897/600 499/896/599
f 480/876/580 481/877/581 501/898/601 500/897/600
f 481/877/581 462/878/563 482/899/583 501/898/601
f 482/879/583 483/880/582 503/901/602 502/900/603
f 483/880/582 484/881/584 504/902/604 503/901/602
f 484/881/584 485/882/585 505/903/605 504/902/604
f 485/882/585 486/883/586 506/904/606 505/903/605
f 486/883/586 487/884/587 507/905/607 506/904/606
f 487/884/587 488/885/588 508/906/608 507/905/607
f 488/885/588 489/886/589 509/907/609 508/906/608
f 489/886/589 490/887/590 510/908/610 509/907/609
f 490/887/590 491/888/591 511/909/611 510/908/610
f 491/888/591 492/889/592 512/910/612 511/909/611
f 492/889/592 493/890/593 513/911/613 512/910/612
f 493/890/593 494/891/594 514/912/614 513/911/613
f 494/891/594 495/892/595 515/913/615 514/912/614
f 495/892/595 496/893/596 516/914/616 515/913/615
f 496/893/596 497/894/597 517/915/617 516/914/616
f 497/894/597 498/895/598 518/916/618 517/915/617
f 498/895/598 499/896/599 519/917/619 518/916/618
f 499/896/599 500/897/600 520/918/620 519/917/619
f 500/897/600 501/898/601 521/919/621 520/918/620
f 501/898/601 482/899/583 502/920/603 521/919/621
f 323/712/423 322/711/422 522/921/622
f 324/713/426 323/712/423 522/922/622
f 325/714/428 324/713/426 522/923/622
f 326/715/430 325/714/428 522/924/622
f 327/716/432 326/715/430 522/925/622
f 328/717/434 327/716/432 522/926/622
f 329/718/436 328/717/434 522/927/622
f 330/719/438 329/718/436 522/928/622
f 331/720/440 330/719/438 522/929/622
f 332/721/442 331/720/440 522/930/622
f 333/722/444 332/721/442 522/931/622
f 334/723/446 333/722/444 522/932/622
f 335/724/448 334/723/446 522/933/622
f 336/725/450 335/724/448 522/934/622
f 337/726/452 336/725/450 522/935/622
f 338/727/454 337/726/452 522/936/622
f 339/728/456 338/727/454 522/937/622
f 340/729/458 339/728/456 522/938/622
f 341/730/460 340/729/458 522/939/622
f 322/731/422 341/730/460 522/940/622
f 502/941/603 503/942/602 524/943/623 523/944/624
f 503/945/602 504/946/604 525/947/625 524/948/623
f 504/949/604 505/950/605 526/951/626 525/952/625
f 505/953/605 506/954/606 527/955/627 526/956/626
f 506/957/606 507/958/607 528/959/628 527/960/627
f 507/961/607 508/962/608 529/963/629 528/964/628
f 508/965/608 509/966/609 530/967/630 529/968/629
f 509/969/609 510/970/610 531/971/631 530/972/630
f 510/973/610 511/974/611 532/975/632 531/976/631
f 511/977/611 512/978/612 533/979/633 532/980/632
f 512/981/612 513/982/613 534/983/634 533/984/633
f 513/985/613 514/986/614 535/987/635 534/988/634
f 514/989/614 515/990/615 536/991/636 535/992/635
f 515/993/615 516/994/616 537/995/637 536/996/636
f 516/997/616 517/998/617 538/999/638 537/1000/637
f 517/1001/617 518/1002/618 539/1003/639 538/1004/638
f 518/1005/618 519/1006/619 540/1007/640 539/1008/639
f 519/1009/619 520/1010/620 541/1011/641 540/1012/640
f 520/1013/620 521/1014/621 542/1015/642 541/1016/641
f 521/1017/621 502/1018/603 523/1019/624 542/1020/642
s 2
f 523/1021/643 524/1022/644 544/1023/645 543/1024/646
f 524/1025/644 525/1026/647 545/1027/648 544/1028/645
f 525/1029/647 526/1030/649 546/1031/650 545/1032/648
f 526/1033/649 527/1034/651 547/1035/652 546/1036/650
f 527/1037/651 528/1038/653 548/1039/654 547/1040/652
f 528/1041/653 529/1042/655 549/1043/656 548/1044/654
f 529/1045/655 530/1046/657 550/1047/658 549/1048/656
f 530/1049/657 531/1050/659 551/1051/660 550/1052/658
f 531/1053/659 532/1054/661 552/1055/662 551/1056/660
f 532/1057/661 533/1058/663 553/1059/664 552/1060/662
f 533/1061/663 534/1062/665 554/1063/666 553/1064/664
f 534/1065/665 535/1066/667 555/1067/668 554/1068/666
f 535/1069/667 536/1070/669 556/1071/670 555/1072/668
f 536/1073/669 537/1074/671 557/1075/672 556/1076/670
f 537/1077/671 538/1078/673 558/1079/674 557/1080/672
f 538/1081/673 539/1082/675 559/1083/676 558/1084/674
f 539/1085/675 540/1086/677 560/1087/678 559/1088/676
f 540/1089/677 541/1090/679 561/1091/680 560/1092/678
f 541/1093/679 542/1094/681 562/1095/682 561/1096/680
f 542/1097/681 523/1098/643 543/1099/646 562/1100/682
s 3
f 543/1101/683 544/1102/684 564/1103/685 563/1104/686
f 544/1105/684 545/1106/687 565/1107/688 564/1108/685
f 545/1109/687 546/1110/689 566/1111/690 565/1112/688
f 546/1113/689 547/1114/691 567/1115/692 566/1116/690
f 547/1117/691 548/1118/693 568/1119/694 567/1120/692
f 548/1121/693 549/1122/695 569/1123/696 568/1124/694
f 549/1125/695 550/1126/697 570/1127/698 569/1128/696
f 550/1129/697 551/1130/699 571/1131/700 570/1132/698
f 551/1133/699 552/1134/701 572/1135/702 571/1136/700
f 552/1137/701 553/1138/703 573/1139/704 572/1140/702
f 553/1141/703 554/1142/705 574/1143/706 573/1144/704
f 554/1145/705 555/1146/707 575/1147/708 574/1148/706
f 555/1149/707 556/1150/709 576/1151/710 575/1152/708
f 556/1153/709 557/1154/711 577/1155/712 576/1156/710
f 557/1157/711 558/1158/713 578/1159/714 577/1160/712
f 558/1161/713 559/1162/715 579/1163/716 578/1164/714
f 559/1165/715 560/1166/717 580/1167/718 579/1168/716
f 560/1169/717 561/1170/719 581/1171/720 580/1172/718
f 561/1173/719 562/1174/721 582/1175/722 581/1176/720
f 562/1177/721 543/1178/683 563/1179/686 582/1180/722
s 4
f 563/1181/723 564/1182/724 584/1183/725 583/1184/726
f 564/1185/724 565/1186/727 585/1187/728 584/1188/725
f 565/1189/727 566/1190/729 586/1191/730 585/1192/728
f 566/1193/729 567/1194/731 587/1195/732 586/1196/730
f 567/1197/731 568/1198/733 588/1199/734 587/1200/732
f 568/1201/733 569/1202/735 589/1203/736 588/1204/734
f 569/1205/735 570/1206/737 590/1207/738 589/1208/736
f 570/1209/737 571/1210/739 591/1211/740 590/1212/738
f 571/1213/739 572/1214/741 592/1215/742 591/1216/740
f 572/1217/741 573/1218/743 593/1219/744 592/1220/742
f 573/1221/743 574/1222/745 594/1223/746 593/1224/744
f 574/1225/745 575/1226/747 595/1227/748 594/1228/746
f 575/1229/747 576/1230/749 596/1231/750 595/1232/748
f 576/1233/749 577/1234/751 597/1235/752 596/1236/750
f 577/1237/751 578/1238/753 598/1239/754 597/1240/752
f 578/1241/753 579/1242/755 599/1243/756 598/1244/754
f 579/1245/755 580/1246/757 600/1247/758 599/1248/756
f 580/1249/757 581/1250/759 601/1251/760 600/1252/758
f 581/1253/759 582/1254/761 602/1255/762 601/1256/760
f 582/1257/761 563/1258/723 583/1259/726 602/1260/762
s 5
f 583/1261/763 584/1262/764 604/1263/765 603/1264/766
f 584/1265/764 585/1266/767 605/1267/768 604/1268/765
f 585/1269/767 586/1270/769 606/1271/770 605/1272/768
f 586/1273/769 587/1274/771 607/1275/772 606/1276/770
f 587/1277/771 588/1278/773 608/1279/774 607/1280/772
f 588/1281/773 589/1282/775 609/1283/776 608/1284/774
f 589/1285/775 590/1286/777 610/1287/778 609/1288/776
f 590/1289/777 591/1290/779 611/1291/780 610/1292/778
f 591/1293/779 592/1294/781 612/1295/782 611/1296/780
f 592/1297/781 593/1298/783 613/1299/784 612/1300/782
f 593/1301/783 594/1302/785 614/1303/786 613/1304/784
f 594/1305/785 595/1306/787 615/1307/788 614/1308/786
f 595/1309/787 596/1310/789 616/1311/790 615/1312/788
f 596/1313/789 597/1314/791 617/1315/792 616/1316/790
f 597/1317/791 598/1318/793 618/1319/794 617/1320/792
f 598/1321/793 599/1322/795 619/1323/796 618/1324/794
f 599/1325/795 600/1326/797 620/1327/798 619/1328/796
f 600/1329/797 601/1330/799 621/1331/800 620/1332/798
f 601/1333/799 602/1334/801 622/1335/802 621/1336/800
f 602/1337/801 583/1338/763 603/1339/766 622/1340/802
s 6
f 603/1341/803 604/1342/804 624/1343/805 623/1344/806
f 604/1345/804 605/1346/807 625/1347/808 624/1348/805
f 605/1349/807 606/1350/809 626/1351/810 625/1352/808
f 606/1353/809 607/1354/811 627/1355/812 626/1356/810
f 607/1357/811 608/1358/813 628/1359/814 627/1360/812
f 608/1361/813 609/1362/815 629/1363/816 628/1364/814
f 609/1365/815 610/1366/817 630/1367/818 629/1368/816
f 610/1369/817 611/1370/819 631/1371/820 630/1372/818
f 611/1373/819 612/1374/821 632/1375/822 631/1376/820
f 612/1377/821 613/1378/823 633/1379/824 632/1380/822
f 613/1381/823 614/1382/825 634/1383/826 633/1384/824
f 614/1385/825 615/1386/827 635/1387/828 634/1388/826
f 615/1389/827 616/1390/829 636/1391/830 635/1392/828
f 616/1393/829 617/1394/831 637/1395/832 636/1396/830
f 617/1397/831 618/1398/833 638/1399/834 637/1400/832
f 618/1401/833 619/1402/835 639/1403/836 638/1404/834
f 619/1405/835 620/1406/837 640/1407/838 639/1408/836
f 620/1409/837 621/1410/839 641/1411/840 640/1412/838
f 621/1413/839 622/1414/841 642/1415/842 641/1416/840
f 622/1417/841 603/1418/803 623/1419/806 642/1420/842
g default
v -0.569109 3.360585 1.551637
v 0.569109 3.360585 1.551637
v -0.569109 3.360585 -1.551637
v 0.569109 3.360585 -1.551637
v 0.455287 1.620845 -1.551637
v 0.455287 1.620845 1.551637
v -0.466670 1.620845 -1.551637
v -0.466670 1.620845 1.551637
v -0.005691 1.620845 -1.551637
v 0.455287 1.620845 -0.930982
v 0.455287 1.620845 0.930982
v -0.005691 1.620845 1.551637
v -0.466670 1.620845 -0.930982
v -0.466670 1.620845 0.930982
v -0.005691 0.460978 1.551637
v -0.005691 0.460978 -1.551637
v -0.644991 3.465798 1.758522
v 0.644991 3.465798 1.758522
v 0.644991 3.465798 -1.758522
v -0.644991 3.465798 -1.758522
v -0.569109 3.186611 -1.551637
v 0.569109 3.186611 -1.551637
v -0.113822 3.186611 -1.551637
v 0.113822 3.186611 -1.551637
v -0.113822 2.873458 -1.551637
v 0.113822 2.873458 -1.551637
v -0.113822 3.186611 -1.551637
v -0.113822 2.873458 -1.551637
v 0.113822 3.186611 -1.551637
v 0.113822 2.873458 -1.551637
v -0.070222 3.143553 -1.551637
v -0.070222 2.916517 -1.551637
v 0.070222 3.143553 -1.551637
v 0.070222 2.916517 -1.551637
v -0.644991 3.540821 1.758522
v -0.569982 3.615829 1.758522
v -0.569982 3.615829 -1.758522
v -0.644991 3.540821 -1.758522
v 0.569982 3.615829 1.758522
v 0.644991 3.540821 1.758522
v 0.569982 3.615829 -1.758522
v 0.644991 3.540821 -1.758522
v -0.517895 1.620845 1.551637
v -0.569109 1.672060 1.551637
v -0.517895 1.620845 -1.551637
v 0.512204 1.620845 1.551637
v 0.569109 1.677751 1.551637
v 0.512204 1.620845 -1.551637
v 0.528875 2.873458 -1.551637
v 0.569109 2.913692 -1.551637
v 0.569109 1.677751 -1.511403
v 0.540659 1.649301 -1.551637
v -0.532899 2.873458 -1.551637
v -0.569109 2.909669 -1.551637
v -0.569109 1.672060 -1.515426
v -0.543505 1.646455 -1.551637
v -0.236204 0.460978 1.241278
v -0.466670 0.847499 0.930982
v -0.236204 0.460978 -1.241278
v -0.466670 0.847499 -0.930982
v 0.224821 0.460978 -1.241278
v 0.455287 0.847499 -0.930982
v 0.224821 0.460978 1.241278
v 0.455287 0.847499 0.930982
v -0.046815 3.143553 -1.551637
v -0.046815 2.916517 -1.551637
v -0.023407 3.143553 -1.551637
v -0.023407 2.916517 -1.551637
v 0.000000 3.143553 -1.551637
v 0.000000 2.916517 -1.551637
v 0.023407 3.143553 -1.551636
v 0.023407 2.916517 -1.551637
v 0.046815 3.143553 -1.551636
v 0.046815 2.916517 -1.551637
vt 0.375000 0.500000
vt 0.625000 0.500000
vt 0.600000 1.000000
vt 0.625000 0.525000
vt 0.475000 0.525000
vt 0.525000 0.525000
vt 0.525000 0.570000
vt 0.475000 0.570000
vt 0.475000 0.525000
vt 0.525000 0.525000
vt 0.525000 0.570000
vt 0.475000 0.570000
vt 0.475000 0.525000
vt 0.525000 0.525000
vt 0.525000 0.570000
vt 0.375000 0.250000
vt 0.375000 0.250000
vt 0.389537 0.250000
vt 0.375000 0.500000
vt 0.625000 0.250000
vt 0.375000 0.500000
vt 0.389537 0.500000
vt 0.610463 0.250000
vt 0.625000 0.500000
vt 0.625000 0.500000
vt 0.625000 0.250000
vt 0.610463 0.500000
vt 0.386249 1.000000
vt 0.397500 1.000000
vt 0.375000 0.007360
vt 0.386249 -0.000000
vt 0.397500 0.000000
vt 0.498750 0.000000
vt 0.600000 0.000000
vt 0.375000 0.250000
vt 0.612501 0.750000
vt 0.612501 1.000000
vt 0.612501 0.000000
vt 0.875000 0.000000
vt 0.875000 0.004089
vt 0.625000 0.008177
vt 0.871759 0.008178
vt 0.875000 0.185782
vt 0.875000 0.225000
vt 0.875000 0.250000
vt 0.625000 0.250000
vt 0.625000 0.564218
vt 0.625000 0.741823
vt 0.618751 0.745911
vt 0.375000 0.525000
vt 0.475000 0.570000
vt 0.375000 0.564797
vt 0.375000 1.000000
vt 0.386249 0.750000
vt 0.125000 0.185203
vt 0.127917 0.007360
vt 0.125000 0.250000
vt 0.125000 0.225000
vt 0.380624 0.746320
vt 0.616163 0.570000
vt 0.600000 0.750000
vt 0.397500 0.750000
vt 0.382953 0.570000
vt 0.375000 0.745643
vt 0.397500 0.950000
vt 0.498750 0.750000
vt 0.498750 0.750000
vt 0.397500 0.800000
vt 0.397500 0.800000
vt 0.397500 0.950000
vt 0.448120 0.775002
vt 0.600000 0.800000
vt 0.498750 1.000000
vt 0.498750 1.000000
vt 0.448120 0.974998
vt 0.549380 0.775003
vt 0.600000 0.950000
vt 0.600000 0.950000
vt 0.600000 0.800000
vt 0.549380 0.974998
vt 0.483333 0.525000
vt 0.483333 0.570000
vt 0.491667 0.525000
vt 0.491667 0.570000
vt 0.500000 0.525000
vt 0.500000 0.570000
vt 0.508333 0.525000
vt 0.508333 0.570000
vt 0.516667 0.525000
vt 0.516667 0.570000
vn 0.000000 1.000000 0.000000
vn 0.000000 1.000000 0.000000
vn 0.000000 1.000000 0.000000
vn 0.000000 1.000000 0.000000
vn -0.000000 0.000000 -1.000000
vn 0.000000 0.000000 -1.000000
vn -0.000000 0.000000 -1.000000
vn -0.000000 0.000000 -1.000000
vn -0.000000 0.000000 -1.000000
vn -0.000000 0.000000 -1.000000
vn -0.000000 0.000000 -1.000000
vn -0.000000 0.000000 -1.000000
vn -0.000000 0.000000 -1.000000
vn -0.000000 0.000000 -1.000000
vn -0.000000 0.000000 -1.000000
vn -0.000002 -1.000000 0.000000
vn -0.000002 -1.000000 0.000000
vn -0.000001 -1.000000 -0.000000
vn -0.000002 -1.000000 -0.000000
vn -0.000002 -1.000000 0.000000
vn -0.000001 -1.000000 0.000000
vn 1.000000 -0.000000 0.000000
vn 1.000000 -0.000000 0.000000
vn 1.000000 -0.000000 0.000000
vn 1.000000 -0.000000 0.000000
vn 1.000000 -0.000000 0.000000
vn 1.000000 -0.000000 0.000000
vn -1.000000 0.000000 0.000000
vn -1.000000 0.000000 0.000000
vn -1.000000 0.000000 0.000000
vn -1.000000 0.000000 0.000000
vn -1.000000 0.000000 0.000000
vn -1.000000 0.000000 0.000000
vn 0.000001 -1.000000 0.000000
vn 0.000001 -1.000000 0.000000
vn 0.000001 -1.000000 -0.000000
vn 0.000001 -1.000000 -0.000000
vn 0.000002 -1.000000 0.000000
vn 0.000002 -1.000000 0.000000
vn 0.000000 -1.000000 0.000000
vn 0.000000 -1.000000 0.000000
vn 0.000000 -1.000000 0.000000
vn 0.000000 -1.000000 0.000000
vn 0.000000 -1.000000 0.000000
vn 0.000000 -1.000000 0.000000
vn 0.000000 -1.000000 -0.000000
vn 0.000000 -1.000000 0.000000
vn -0.000000 -1.000000 0.000000
vn -0.000000 -1.000000 -0.000000
vn -0.802793 0.000000 0.596258
vn -0.802793 0.000000 0.596258
vn -0.802793 0.000000 0.596258
vn -0.802793 0.000000 0.596258
vn -0.802793 0.000000 0.596258
vn -1.000000 0.000000 0.000000
vn -1.000000 0.000000 0.000000
vn -1.000000 0.000000 0.000000
vn -1.000000 0.000000 0.000000
vn -0.802793 0.000000 -0.596258
vn -0.802793 0.000000 -0.596258
vn -0.802793 0.000000 -0.596258
vn -0.802793 0.000000 -0.596258
vn -0.802793 0.000000 -0.596258
vn 0.802793 0.000000 -0.596258
vn 0.802793 0.000000 -0.596258
vn 0.802793 0.000000 -0.596258
vn 0.802793 0.000000 -0.596258
vn 0.802793 0.000000 -0.596258
vn 1.000000 0.000000 0.000000
vn 1.000000 0.000000 0.000000
vn 1.000000 0.000000 0.000000
vn 1.000000 0.000000 0.000000
vn 0.802793 0.000000 0.596258
vn 0.802793 0.000000 0.596258
vn 0.802793 0.000000 0.596258
vn 0.802793 0.000000 0.596258
vn 0.802793 0.000000 0.596258
vn 0.000000 -0.891356 0.453304
vn 0.000000 -0.891356 0.453304
vn 0.000000 -0.891356 0.453304
vn 0.000000 -0.891356 0.453304
vn 0.811065 -0.584956 0.000000
vn 0.811065 -0.584956 0.000000
vn 0.811065 -0.584956 0.000000
vn 0.811065 -0.584956 0.000000
vn 0.000000 -0.891356 -0.453304
vn 0.000000 -0.891356 -0.453304
vn 0.000000 -0.891356 -0.453304
vn 0.000000 -0.891356 -0.453304
vn -0.811065 -0.584956 0.000000
vn -0.811065 -0.584956 0.000000
vn -0.811065 -0.584956 0.000000
vn -0.811065 -0.584956 0.000000
vn -0.000000 0.000000 1.000000
vn -0.000000 0.000000 1.000000
vn -0.000000 0.000000 1.000000
vn -0.000000 0.000000 1.000000
vn -0.000000 0.000000 1.000000
vn -0.000000 0.000000 1.000000
vn 1.000000 0.000000 0.000000
vn 1.000000 0.000000 0.000000
vn 1.000000 0.000000 0.000000
vn 1.000000 0.000000 0.000000
vn 0.000000 0.000000 -1.000000
vn 0.000000 0.000000 -1.000000
vn 0.000000 0.000000 -1.000000
vn 0.000000 0.000000 -1.000000
vn 0.000000 0.000000 -1.000000
vn 0.000000 0.000000 -1.000000
vn -1.000000 0.000000 0.000000
vn -1.000000 0.000000 0.000000
vn -1.000000 0.000000 0.000000
vn -1.000000 0.000000 0.000000
vn 0.000000 -0.000000 -1.000000
vn 0.000000 -0.000000 -1.000000
vn -0.000000 -0.000000 -1.000000
vn -0.000000 -0.000000 -1.000000
vn 0.000000 -0.000000 -1.000000
vn 0.000000 -0.000000 -1.000000
vn 0.000000 0.000000 -1.000000
vn -0.000000 0.000000 -1.000000
vn 0.000000 0.000000 0.000000
vn 0.000000 0.000000 0.000000
vn 0.000000 0.000000 0.000000
vn 0.000000 0.000000 0.000000
vn 0.000000 0.000000 0.000000
vn 0.000000 0.000000 0.000000
vn 0.000000 0.000000 0.000000
vn 0.000000 0.000000 0.000000
vn 0.000000 0.000000 0.000000
vn 0.000000 0.000000 0.000000
vn 0.000000 0.000000 0.000000
vn 0.000000 0.000000 0.000000
vn 0.000000 0.000000 0.000000
vn 0.000000 0.000000 0.000000
vn 0.000000 0.000000 0.000000
vn 0.000000 0.000000 0.000000
vn 0.000000 0.000000 -1.000000
vn 0.000001 -0.000000 -1.000000
vn 0.000001 0.000000 -1.000000
vn 0.000000 0.000000 -1.000000
vn 0.000000 0.000000 -1.000000
vn 0.000000 0.000000 -1.000000
vn 0.000000 0.000000 -1.000000
vn 0.000000 0.000000 -1.000000
vn -0.707106 0.707107 0.000000
vn -0.707106 0.707107 0.000000
vn -0.707106 0.707107 0.000000
vn -0.707106 0.707107 0.000000
vn 0.707106 0.707107 0.000000
vn 0.707106 0.707107 0.000000
vn 0.707106 0.707107 0.000000
vn 0.707106 0.707107 0.000000
vn 0.000000 0.000000 1.000000
vn 0.000000 0.000000 1.000000
vn 0.000000 0.000000 1.000000
vn 0.000000 0.000000 1.000000
vn 0.000000 0.000000 1.000000
vn 0.000000 0.000000 1.000000
vn 0.000000 0.000000 1.000000
vn 0.000000 0.000000 1.000000
vn 0.000000 0.000000 1.000000
vn -0.707107 -0.707106 0.000000
vn -0.707107 -0.707106 0.000000
vn -0.707107 -0.707106 0.000000
vn -0.707107 -0.707106 0.000000
vn -0.707107 -0.707106 0.000000
vn 0.707106 -0.707107 -0.000000
vn 0.707106 -0.707107 -0.000000
vn 0.707106 -0.707107 -0.000000
vn 0.707106 -0.707107 -0.000000
vn 0.707106 -0.707107 -0.000000
vn 0.514002 -0.011565 -0.857711
vn 0.514002 -0.011565 -0.857711
vn 0.514002 -0.011565 -0.857711
vn 0.514002 -0.011565 -0.857711
vn -0.513145 -0.010401 -0.858239
vn -0.513145 -0.010401 -0.858239
vn -0.513145 -0.010401 -0.858239
vn -0.513145 -0.010401 -0.858239
vn -0.858908 -0.512131 0.000000
vn -0.858908 -0.512131 0.000000
vn -0.858908 -0.512131 0.000000
vn -0.858908 -0.512131 0.000000
vn 0.858908 -0.512131 0.000000
vn 0.858908 -0.512131 0.000000
vn 0.858908 -0.512131 0.000000
vn 0.858908 -0.512131 0.000000
vn -0.000001 0.000000 -1.000000
vn -0.000001 0.000000 -1.000000
vn -0.000000 0.000001 -1.000000
vn -0.000000 0.000001 -1.000000
vn 0.000004 0.000001 -1.000000
vn 0.000004 0.000001 -1.000000
vn -0.000000 0.000001 -1.000000
vn 0.000000 0.000001 -1.000000
vn -0.000003 0.000001 -1.000000
vn -0.000003 0.000001 -1.000000
s off
g pCube2
usemtl initialShadingGroup
f 679/1442/843 678/1438/844 681/1443/845 683/1447/846
s 1
f 698/1479/847 695/1483/848 667/1471/849 668/1427/850 691/1480/851 694/1469/852 690/1456/853 647/1481/854 651/1486/855 649/1482/856 687/1474/857
s 2
f 685/1448/858 687/1474/859 649/1482/860 655/1488/861 656/1485/862 650/1449/863
s off
f 689/1461/864 693/1462/865 692/1463/866 664/1464/867 646/1465/868 644/1466/869
f 696/1475/870 697/1476/871 686/1450/872 643/1455/873 645/1477/874 663/1478/875
s 3
f 648/1423/876 653/1497/877 652/1492/878 647/1481/879 690/1456/880 688/1457/881
s off
f 657/1494/882 699/1495/883 701/1491/884 658/1487/885 703/1496/886 705/1500/887
s 3
f 652/1492/878 651/1486/888 647/1481/879
f 654/1493/889 653/1497/877 648/1423/876
s 2
f 650/1449/863 656/1485/862 654/1493/890
f 651/1486/891 655/1488/861 649/1482/860
s off
f 654/1493/892 656/1485/893 700/1490/894 699/1495/895 657/1494/896
f 656/1485/897 655/1488/898 702/1489/899 700/1490/900
f 655/1488/901 651/1486/902 658/1487/903 701/1491/904 702/1489/905
f 651/1486/906 652/1492/907 704/1499/908 703/1496/909 658/1487/910
f 652/1492/911 653/1497/912 706/1498/913 704/1499/914
f 653/1497/915 654/1493/916 657/1494/917 705/1500/918 706/1498/919
f 643/1455/920 644/1466/921 660/1440/922 659/1436/923
f 644/1466/924 646/1422/925 661/1444/926 660/1440/927
f 646/1422/928 645/1421/929 662/1441/930 661/1444/931
f 645/1421/932 643/1455/933 659/1436/934 662/1441/935
f 659/1436/936 660/1440/937 682/1446/938 681/1443/939 678/1438/940 677/1437/941
f 660/1440/942 661/1444/943 684/1445/944 682/1446/945
f 661/1444/946 662/1441/947 680/1439/948 679/1442/949 683/1447/950 684/1445/951
f 662/1441/952 659/1436/953 677/1437/954 680/1439/955
s 1
f 645/1421/956 646/1422/957 664/1424/958 666/1426/959 665/1425/960 663/1470/961
f 663/1470/961 665/1425/960 667/1471/849 695/1483/848 696/1472/962
f 668/1427/850 666/1426/959 664/1424/958 692/1467/963 691/1480/851
s off
f 667/1471/964 665/1425/965 669/1429/966 670/1428/967
f 665/1425/968 666/1426/969 671/1430/970 669/1429/971
f 666/1426/972 668/1427/973 672/1431/974 671/1430/975
f 668/1427/976 667/1471/977 670/1428/978 672/1431/979
s 4
f 670/1428/980 669/1429/981 673/1433/982 674/1432/983
f 669/1429/981 671/1430/984 675/1434/985 673/1433/982
f 671/1430/984 672/1431/986 676/1435/987 675/1434/985
f 672/1431/986 670/1428/980 674/1432/983 676/1435/987
s off
f 677/1437/988 678/1438/989 679/1442/990 680/1439/991
f 681/1443/992 682/1446/993 684/1445/994 683/1447/995
f 686/1450/996 685/1451/997 650/1452/998 654/1453/999 648/1454/1000 688/1458/1001 689/1461/1002 644/1466/1003 643/1455/1004
f 685/1448/1005 686/1473/1006 697/1484/1007 698/1479/1008 687/1474/1009
f 689/1461/1010 688/1458/1011 690/1459/1012 694/1460/1013 693/1462/1014
f 691/1480/1015 692/1467/1016 693/1468/1017 694/1469/1018
f 696/1472/1019 695/1483/1020 698/1479/1021 697/1484/1022
f 699/1495/1023 700/1490/1024 702/1489/1025 701/1491/1026
f 703/1496/1027 704/1499/1028 706/1498/1029 705/1500/1030
s 4
f 674/1432/983 673/1433/982 707/1501/1031 708/1502/1032
f 708/1502/1032 707/1501/1031 709/1503/1033 710/1504/1034
f 710/1504/1034 709/1503/1033 711/1505/1035 712/1506/1036
f 712/1506/1036 711/1505/1035 713/1507/1037 714/1508/1038
f 714/1508/1038 713/1507/1037 715/1509/1039 716/1510/1040
f 716/1510/1040 715/1509/1039 675/1434/985 676/1435/987
